Code,Position,EnglishName,MandarineName,Contain,Reseller,Price,Condition,Storage
AC31113121,?賢??亥?,Abilify,摰?敺?mg,Aripiprazole,憭批?,$430/??蝎曄???????,,
AC470441G0,?賢??亥?,Akinfree,摰?敺?Biperiden 2mg,?啁?,$20/??撣?璉格?????,,,
AC31119100,?賢??亥?,Amantadine,蝖恍摰隞?100mg,Amantadine 100mg,???$60/??撣?璉格?????,,,
AB47172100,?賢??亥?,Amepiride,甈????mg,Glimepiride 2mg,?亙,$15/??蝟倏????,,
A024465100,?賢??亥?,Aspirin,?踵?寞?,Acetylsalicylic Acid 100mg,撘瑞?,$10/????銵,??,
BC225931G0,?賢??亥?,Atanaal,憯???瘥怠?,Nifedipine 5mg,?澆???$30/??擃?憯???,,,
AC414971G0,?賢??亥?,Atinol F.C,?像隢?00mg,Atenolol 100mg,?亙,$30/??擃?憯???,,
AC55895100,?賢??亥?,Atorcal,??10mg,Atorvastatin 10mg,?,$70/??擃?????,,
AB45041100,?賢??亥?,Baburol,?像璅?10mg,Bambuterol 10mg,靽⊥,$30/??瘞??,??,
AC376791G0,?賢??亥?,Beenrone,?祥??0mg,Benzbromarone 50mg,瘞訾縑,$20/???◢,??,
AC49650100,?賢??亥?,Betacor,憯璅?mg,Bisoprolol 5mg,??,$25/??擃?憯???,,
AB230371G0,?賢??亥?,Cardolol,敹熒璅?10mg,Propranolol 10mg,璁格?,$15/???孵?????,,
AC31493100,?賢??亥?,Chiphone,?餌???100mg,Benzbromarone 100mg,蝢噸,$30/???◢,??,
AC414991G0,?賢??亥?,Cirzodone,?楨憒仿? 50mg,Trazodone 25mg,??,$20/????擛勗?,??,
AC55271100,?賢??亥?,Cofarin,?臬???mg,Warfarin 5mg,?踹噸,$50/????銵,??,
AC13381100,?賢??亥?,Cortisone,銋?舫??暸?,Cortisone 25mg,??,$30/??瘨?,??,
AC343231G0,?賢??亥?,Cowemin,?航??? 300mg,Cimetidine 300mg,鈭,$30/???蔑????,,
AC491141G0,?賢??亥?,Daycose MR,蝪⊿ ????30mg,Gliclazide 30mg,銵?,$15/??蝟倏????,,
AC476481G0,?賢??亥?,Dosin,????10mg,Domperidone 10mg,靽⊥,$10/??甇Ｗ?,??,
AC042761G0,?賢??亥?,Eazide,憯?撖折?2mg,Trichlormethiazide 2mg,?ㄚ,$20/??擃?憯???,,
AC46028100,?賢??亥?,Fluitran,?隡?摰?2mg,Trichlormethiazide 2mg,暽賡?蝢?$25/???拙倏??????,,,
AC467661G0,?賢??亥?,Glimaryl,?拍???2mg,Glimepiride 2mg,靽⊥,$25/??蝟倏????,,
AC578451G0,?賢??亥?,Glimepine,?啁?撟?2mg,Glimepiride 2mg,?啁?,$20/??蝟倏????,,
AC57921100,?賢??亥?,Glipizide ,瘜?韐?5mg,Glimepiride 5mg,銝剖?,$15/??蝟倏????,,
AC44203100,?賢??亥?,Havina,隡湔?憡?銵?? 1/0.5mg,Estradiol /Norethindrone,?亙,$120/???踹?,??,
AC042211G0,?賢??亥?,Lika,?拍??5mg,Methimazole 5mg,?ㄚ,$15/???脖滯,??,
AB49189100,?賢??亥?,Loata,蝢?50mg,Cilstazol 5mg,銝剖??飛,$40/?????扯?頞???,,
AC548631G0,?賢??亥?,Lopirin,隢暹???1mg,Aspirine 81mg,??,$20/????銵,??,
AB50240100,?賢??亥?,Lowten,蝯∟???50mg,Losartan 50mg,?ㄚ,$35/??擃?憯???,,
AC455521G0,?賢??亥?,Medrone,蝢???5mg,Medroxyprogesterone 5mg,?芾?飛,$30/??鞈?曇?,??,
AC45334100,?賢??亥?,Midorine,?戎??.5mg,Midodrine 2.5mg,?孵?,$40/??雿?憯???,,
AB43852100,?賢??亥?,Mikelan,蝢??mg,Carteolol 5mg,憭批?,$35/??擃?憯???,,
AC306291G0,?賢??亥?,Nakasser ,?賢??賡? 30mg,Diltiazem,??,$15/??擃?憯???,,
AC047371G0,?賢??亥?,Pilian,雿拐?摰? 4mg,Cyproheptadine 4mg,瘞訾縑,$20/?????折撒????,,
AC59398100,?賢??亥?,Pivas FC,敹???2mg,Pivastatin 2mg,?亙靽∪?,$210/??擃?????,,
AC48377100,?賢??亥?,Plestar,?桃???100mg,Cilostazol 100mg,???$160/?????扯?銵???,,,
AC42536100,?賢??亥?,Sevina,閰拍雁憡?Estradiol/Norethindrone,?亙靽∪?,$130/??鞈?曇?,??,,
AC229081G0,?賢??亥?,Spironolactone,雿踵???25mg,Spironolactone 25mg,?,$20/???拙倏????,,
AC185691G0,?賢??亥?,Spirotone,????5mg,Spironolactone 25mg,璁格?,$20/???拙倏????,,
AC365061G0,?賢??亥?,Sunpylon,???? 50mg,Sulpride,?,$20/???蔑????,,
AC45181100,?賢??亥?,Synna,甈??,Estradiol/Medroxyprogesterone,?亙靽∪?,$110/??鞈?曇?,??,
AB57206100,?賢??亥?,Tamsulosin S.R. C,????0.2mg,Tamsulosin 0.2mg,銝剖?,$60/???風?箄憭???,,
AC480871G0,?賢??亥?,Tone F.C.,??10mg,Imipramine,?噸,$30/??隤輻???,??,
AC58393100,?賢??亥?,Urief,?芸??嗉?銵??8mg,Silodosin 8mg,?亙,$190/?????箄憭???,,
AC48181100,?賢??亥?,Venina,蝬剖旨憡?,Estradiol/Medroxyprogesterone,?亙靽∪?,$180/??鞈?曇?,??,
AC47638100,?賢??亥?,Zapline,???渲?銵??50mg,Sertraline 50mg,蝢噸,$30/??隤輻?敹?,??,
AB55931100,?賢??亥?,Zosatan,????50mg,Losartan 50mg,靽⊥,$60/??擃?憯???,,
AB47981100,獢??亥?,Acarose,?雿喲?50瘥怠?,Acabose 50mg,??,$30/??蝟倏????,,
A032320100,獢??亥?,Acetal,????00mg,Acetaminophen 500mg,??,$15/????迫????,,
AC328011G0,獢??亥?,ALAT CAPSULES 10MG,敹???嚗??祉結,NIFEDIPINE 10MG,瘞訾縑,$30/??擃?憯???,,
AC415451G0,獢??亥?,Aldactin,??靽⊿?25mg,Spironolactone 25mg,靽⊥,$20/???拙倏,??,
NC036331G0,獢??亥?,Aminophylline,瘞典??100mg,Aminophylline 100mg,??,$25/??擃?憯???,,
AC45085100,獢??亥?,Amlodine,????mg,Amoldipine 5MG,撖園翩,$20/??擃?憯???,,
AB44607100,獢??亥?,Amlopine,?株?5mg,Amoldipine 5MG,??,$20/??擃?憯???,,
AC59415100,獢??亥?,Amlos,摰???mg,Amoldipine 5MG,瘞貉?,$40/??擃?憯???,,
AC44371100,獢??亥?,Amopine,??撟?mg,Amoldipine 5MG,靽⊥,$20/??擃?憯???,,
AB46742100,獢??亥?,Amtrel,隢曉?10mg/5mg,Benazepril 10mg/Amlodipine 5mg,?望?,$160/??擃?憯???,,
AC414971G0,獢??亥?,ATINOL,?像隢曇?銵??100瘥怠?,ATENOLOL 100MG,?亙靽∪?,$30/??擃?憯?,,
AC453831G0,獢??亥?,Bafen,?撟?mg,Baclofen 5mg,?ㄚ,$20/??甇Ｙ?瘨?,??,
AC419521G0,獢??亥?,Bao-Gan,靽?????50mg,Silymarin 150mg,?之,$20/??霅瑁?,??,
AC400471G0,獢??亥?,Bentomin ,敺蝟? 500mg,Metformin 500mg,?,$20/??蝟倏????,,
AC44254100,獢??亥?,Bethanechol,皛臬倏??25mg,Bethanecol 25mg,撘瑞?,$30/???◢,??,
AC44481100,獢??亥?,BIOZOLE TABLET 20MG,靽厭璅?20瘥怠?,OMEPRAZOLE 20mg,銝剔?,,?蔑??,
AC374411G0,獢??亥?,Biperin,撣?撖?mg,Biperiden 2mg,?舫,$30/??撣?璉格?????,,
AC189491G0,獢??亥?,Bisacodyl,蝘??皞嗥?銵??5mg,Bisacodyl 5mg,璁格?,$20/??頠噶,??,
AC09619100,獢??亥?,Bisadyl,蝘??豢熄??mg,Bisacodyl 5mg,?噸,$15/??頠噶,??,
AC50083100,獢??亥?,Calm-EZ,摨瑞???25mg,Quetiapine 25mg,?ㄚ,$40/???死??,??,
AB198751G0,獢??亥?,Cardolol,敹熒璅?40mg,Propranolol 40mg,璁格?,$15/???孵?????,,
AC55961100,獢??亥?,CARISOMA TABLETS 250 MG,?∪???250瘥怠?,CARISOPRODOL 250mg,?乩??,$30/??蝺撐,,
AC41247100,獢??亥?,Carpine,?∟? 200mg,Carbamazepine,靽⊥,$30/??蟡?????,,
AC57128100,獢??亥?,Carvedilol,憯靽?25mg,Carvedilol 25mg,銝剖?,$20/??擃?憯???,,
AC57128100,獢??亥?,Carvedilol,憯靽?25mg,CARVEDILOL 25mg,銝剖?,$??/??擃?憯???,,
BC24967100,獢??亥?,Carvedilol Hexal 25mg,?∟????5mg,Carvedilol 25mg,隢曇,$350/??擃?憯???,,
BC25674100,獢??亥?,Carvedilol Hexal 6.25mg,?∟????.25mg,Carvedilol 6.25mg,隢曇,$300/??擃?憯???,,
AC322751G0,獢??亥?,Ceporin,銵璅像??5mg,Captopril,靽⊥,$15/??擃?憯???,,
AB016731G0,獢??亥?,Cinnazine,鞈皜?25mg,Cinnarizine 25mg,??,$20/???急╰蟡???,??,
AC301201G0,獢??亥?,CINTSU,敹?蝟﹝??嚗g,VERAPAMIL HCL,瘞訾縑,$20/???孵?????,,
AC143431G0,獢??亥?,COBAMAMIDE,?臬毀暻亥???COBAMAMIDE CAPSULES 250mg,鞊,$65/??28憿?B12,??,,
AC43862100,獢??亥?,Cofarin,?臬???1mg,Warfarin 1mg,?踹噸,$50/????銵,??,
AC60201100,獢??亥?,Co-Midis,??憒仿? 80/5mg,Telmisartan/Amoldipine,??,$120/??擃?憯???,,
AC43317100,獢??亥?,Conmy,??2mg,TERAZOSIN 2mg,靽⊥,$20/?????箄憭???,,
AC59841100,獢??亥?,CO-VOSAA,?舀?蝛拙? 80/12.5,HYDROCHLOROTHIAZIDE/VALSARTAN,銝剖??飛,$60/??擃?憯?,,
AC45646100,獢??亥?,Deglu,?萄????50mg,Acabose 50mg,蝢?,$20/??蝟倏????,,
AB42908100,獢??亥?,Diamin ,隞????80mg,Gliclazide 80mg,靽⊥,$20/??蝟倏????,,
AC48602100,獢??亥?,Diazone,蝟??? 15mg,Pioglitazone 15mg,甇??,$100/??蝟倏????,,
AC48855100,獢??亥?,Dibose,??蝟?00mg,Acabose 100mg,??,$65/??蝟倏????,,
AC46351100,獢??亥?,Dimotil,蝡?璅? 5mg/212.5mg,METOCLOPRAMIDE/PANCREATIN,?噸,$40/??瘨??啣虜,??,
AC136341G0,獢??亥?,Dipyridamole,敺??25mg,Dipyridamole 25mg,??,$20/???孵?????,,
AC452471G0,獢??亥?,Dobecon,??摨?100mg,Mebeverine 100mg,瘞訾縑,$30/??瘨??啣虜,??,
AC265261G0,獢??亥?,Dogmatyl,?怨?瘝餉?銵??50mg,Sulpride 50mg,鞈質姥??$30/??蝎曄???瞏啁?,??,,
AC39431100,獢??亥?,Dopadine,憭毀摰?銵??100mg,Amantadine 100mg,?ㄚ,$60/??撣?璉格?????,,
AC44853100,獢??亥?,DOPHILIN,??撖折? 2mg,DOXAZOSIN 2mg,靽⊥,$??/?????箄憭???,,
AC44853100,獢??亥?,Dophilin ,??撖折? 2mg,Doxazosin 2mg,靽⊥,,擃?憯???,
AC58391100,獢??亥?,Ecoxia,???抵?銵??60mg,Etoricoxib 60mg,??,$120/????????,,
AC26105100,獢??亥?,Elistin,?敺芷? 1.5mg,Elistin 1.5mg,??,$30/??敺芰,??,
AB48506100,獢??亥?,Epram,?炳10mg,Escitalopram 10mg,?乩?,$150/????擛勗?,??,
AC436641G0,獢??亥?,Espin,摰?撟唾皞嗅凝蝎???00mg,Aspirine 100mg,??,$35/????銵,??,
AC571721G0,獢??亥?,Eutomin,?芰?撟喲? 850mg,Metformin 850mg,?芾,$25/??蝟倏????,,
BC26552100,獢??亥?,Ezetimibe,??蝛拚? 10mg,EZETIMIBE 10mg,隢曇,$??/??擃?????,,
AC59185100,獢??亥?,Febuton,????銵??80mg,Febuxostat 80mg,??,$260/???◢,??,
AC42619100,獢??亥?,Fenolip,蟡?敺桃???200mg,Fenofibrate 200mg,甇??,$70/??擃?????,,
AB47228100,獢??亥?,Fenolip-U,蟡???60mg,Fenofibrate 160mg,甇??,$60/??擃?????,,
AC58113100,獢??亥?,Ferrin,?菟?銵?? ,B12/FolicAcid/Iron,??,$80/??鞎扯?,??,
NC01822100,獢??亥?,Ferrous Gluco-B,蝬凋??∟?蝟,Ferrous Glucomate 300mg,撘瑞?,$30/??鞎扯?,??,
AC239181G0,獢??亥?,Fluzine,?皜?5mg,Flumarizine 5mg,??,$25/???? ?,??,
AC346701G0,獢??亥?,Folacin FCT,??﹝??mg,FolicAcid 5mg,撘瑞?,$20/??鞎扯?,??,
AC075431G0,獢??亥?,Folic Acid,璁格????mg,FolicAcid 5mg,璁格?,$20/??鞎扯?,??,
AC558881G0,獢??亥?,Folic acid,?5mg,FolicAcid 5mg,??,$25/??鞎扯?,??,
BC22097100,獢??亥?,FOLIROMIN,????銵??嚗??祉結,SODIUM FERROUS CITRATE 470.9mg,?漕,$35/??鞎扯?,,
NC01752100,獢??亥?,Fronil SCT,蝳?雿?5mg,Imipramine 25mg,撘瑞?,$20/??憭倏,??,
AB453631G0,獢??亥?,Furide,?隢?0mg,Furosemide,??,$20/???拙倏,??,
AC37685100,獢??亥?,GEMD,???﹝??嚗??祉結,GEMFIBROZIL 600mg,瘞訾縑,$40/??擃?????,,
AB412331G0,獢??亥?,Glubin,?拍?撟?500mg,Metformin 500mg,??,$20/??蝟倏????,,
AC346211G0,獢??亥?,Glutrol,?拍?憒?mg,Glipizide 5mg,??,$20/??蝟倏????,,
AC439271G0,獢??亥?,Gouless,?芾姥50mg,Benzbromarone 50mg,??,$20/???◢,??,
BC24403100,獢??亥?,Harnalidge D tablets ,瘣餉楝?拇楊D ??熄??.2瘥怠?,Tamsulosin 0.2mg,摰瘜唬?,$85/?????箄憭???,,
AC476871G0,獢??亥?,Henformin,瞍Ｖ????銵??850mg,Metformin 850mg,?剛,$25/??蝟倏??,,
AC49514100,獢??亥?,Ibimo,?蝦??60mg,Isosorbide 60mg,?,$30/???孵?????,,
AC221231G0,獢??亥?,Imolex,靘??2mg,Loperamide 2mg,??,,甇Ｙ???,
BC09147100,獢??亥?,Imuran,蝘餉風撖?0mg,Azathioprine,摰?,$18/蝎?蝝??抒????,,
AC473721G0,獢??亥?,Indap,餈?1.5mg,Indapamide 1.5mg,??,$20/??擃?憯???,,
AC01154100,獢??亥?,INDOY CAPSULES,??????25mg,INDOMETHACIN 25mg,??,$20/??瘨?,??,
AC59407100,獢??亥?,Irbest ,?∟?憯?300mg,Irbesartan 300mg,?芰?,$20/??擃?憯???,,
AB57204100,獢??亥?,IRBETAN,?曉???銵??300瘥怠?,IRBESARTAN,?亙靽∪?,$85/??擃?憯???,,
AC274381G0,獢??亥?,Isobide,???0mg,Isosorbide 10mg,銵?,$20/???孵?????,,
BC20510100,獢??亥?,LAMICTAL,璅?? 100mg,LAMOTRIGINE 100mg,?蝝?$??/???脩?,,,
AC55540100,獢??亥?,Lesyn,璅?摰?6mg,Lacidipine 6mg,?亙靽∪?,$95/??擃?憯???,,
BA26206100,獢??亥?,Letrozole,"?拙戎???曉?蝢?""FCT-2.5mg""",LETROZOLE 2.5mg,蝢?,$500/??銋喟?,??,
AB33091100,獢??亥?,Licodin,?抵???250mg,Ticlopidine 250mg,?梁???$50/????銵,??,,
AC57216100,獢??亥?,Linicor,?? 500/20mg,Lovastatin/Niacin,?梁???$150/??擃?????,,,
AB41332100,獢??亥?,LIPDOWN,?蔔??300mg,GEMFIBROZIL 300mg,??,$35/??擃?????,,
AC59393100,獢??亥?,Lodiglit,????銵??15/850mg,Metformin/Pioglitazone,??,$95/??蝟倏????,,
AC44731100,獢??亥?,LONGCARDIO,?Ｗ?雿?25mg,CARVEDILOL 25mg,瘞貊?,$50/??擃?憯???,,
AB46315100,獢??亥?,LOSART,?Ｗ??﹝??0mg,LOSARTAN POTASSIUM 50mg,??,$70/??擃?憯???,,
AC463861G0,獢??亥?,Loxol SR,璅?啗?75mg,Ambroxol SR 75mg,?乩?,$40/??蟡,??,
AC43632100,獢??亥?,MELETIN,??敺芾???00mg,MEXILETINE HCL,靽⊥,$35/??擃?憯???,,
AC293561G0,獢??亥?,MERISLON,?蝙??12mg,BETAHISTINE 12mg,銵?,$25/???,??,
AC50182100,獢??亥?,METHIMAZOLE,?脩‵????mg,Methimazole 5mg,撘瑞?,$25/???脩?????,,
AA56761100,獢??亥?,Mirtazapine,敶炳??銵??30mg,MIRTAZAPINE 30mg,銝剖?鋆?,$100/???行,??,
AC46759100,獢??亥?,MOCALM,瘞詨熒蝺?銵?? 0.5mg,FLUPENTIXOL/MELITRACEN 0.5/10,?ㄚ,$25/???行,??,
AC45020100,獢??亥?,MUSGUD,?芾??舫?10mg,CYCLOBENZAPRINE 10mg,蝢?,$35/???,??,
AC32619100,獢??亥?,NIDOLIUM,?祐??10mg,DOMPERIDONE 10mg,??,$15/??甇Ｗ?,??,
AB48991100,獢??亥?,NIRANDIL,?拙敹? 5mg,NICORANDIL 5mg,??,$50/???孵?????,,
AB41535100,獢??亥?,PENTOP,敺芸戎?舀?蝥折? 400mg,PENTOXIFYLLINE 400mg,?芰?,$35/??敺芰,??,
AB28921100,獢??亥?,PICETAM,敹??西???00mg,PIRACETAM400mg,??,$25/??敺芰,??,
AB44124100,獢??亥?,PLETAAL,憭批??桅???00mg,CILOSTAZOL100mg,?箇憭批?,$180/??敺芰,??,
AB44136100,獢??亥?,PLETAAL,憭批??桅???0mg,CILOSTAZOL 50mg,?箇憭批?,$90/??敺芰,??,
AC43335100,獢??亥?,POLUPI,??敶?50mg,PROPYLTHIOURACIL 50mg,瘙?,$30/???脖滯,??,
NB00711100,獢??亥?,PREDONINE,?桀?憭祐??5mg,PREDNISOLONE 5mg,暽賡?蝢?$30/??瘨?,??,,
AC36794100,獢??亥?,PROCAL,?桃???? 667mg,CALCIUM ACETATE 667mg,?孵?,$30/??擃ㄦ?賊厭銵????,,
BC20198100,獢??亥?,PROSCAR,瘜Ｘ??5mg,FINASTERIDE 5mg,暺???$??/???風?箄憭?,,,
AC49741100,獢??亥?,QUEROPIN,頨?撟?200mg,QUETIAPINE 200mg,瘞訾縑,$??/??頨炳,??,
AC55245100,獢??亥?,QUETIA,瞏啣?鈭?200mg,QUETIAPINE 200mg,鈭散,$??/??頨炳,,
AC29037100,獢??亥?,RELAX,憒?????350/175,ACETAMINOPHEN/CARISOPRODOL,???$??/??甇Ｙ?瘨?,??,,
AC50210100,獢??亥?,RHYNORM,敺姥?﹝??150mg,PROPAFENONE 150mg,?梁???$180/??敹?銝,??,,
AC52537100,獢??亥?,Rizatan,蝢??潮?5mg,RIZATRIPTAN 5mg,靽??舫,$65/蝎??????,,
BA25798100,獢??亥?,Robestar,擳臬ㄚ摰?銵??10mg,ROSUVASTATIN,隢曇,$??/??擃?????,,
AC22641100,獢??亥?,ROSIS,璅???40mg,FUROSEMIDE 40mg,璁格?,$15/???拙倏,??,
AC31481100,獢??亥?,SILIRIN,撣????150mg,SILYMARIN 150mg,鈭,$30/??霅瑁?,??,
BC19626100,獢??亥?,SIRDALUD,擛?璅?2mg,TIZANIDINE 2mg,隢曇,$??/??,,
BC23492100,獢??亥?,SOLIAN,擐摰? 200mg,AMISULPRIDE 200mg,鞈質姥??$??/???死憭梯矽,??,,
AC305261G0,獢??亥?,Spironolactone,甇???5mg,Spironolactone 25mg,?蔔,$20/???拙倏????,,
AC31540100,獢??亥?,Stable,銵敺像??0mg,HYDRALAZINE 10mg,璁格?,$??/??擃?憯???,,
AC05811100,獢??亥?,Strocain,?舐?雿喲??5/244mg,OXETHAZAINE/POLYMIGEL,銵?,$20/????,??,
AC44114100,獢??亥?,SUFLEX,???? 200mg,MEPHENOXALONE 200mg,瘞訾縑,$20/????擛?,??,
AC42946100,獢??亥?,SULMATYL,????50mg,SULPIRIDE 50mg,?孵?,$25/???蔑??,,
AC28078100,獢??亥?,SULPIN,?儔撖扯?銵?? 200mg,SULPIRIDE 200mg,靽⊥,$20/???蔑??,,
AC395971G0,獢??亥?,Switane,?號2mg,TRIHEXYPHENIDYL 2mg,?ㄚ,$20/??撣?璉格?????,,
AC452541G0,獢??亥?,Synbot,甈????mg,ENALAPRIL 5mg,?亙,$20/??擃?憯???,,
AC56720100,獢??亥?,Synpid,?楊?﹝??60mg,FENOFIBRATE 160mg,?亙,$50/??擃?????,,
AC58548100,獢??亥?,TAMLOSIN D,?Ｗ瘛求??熄??.2瘥怠?,Tamsulosin 0.2mg,??,$90/???風?箄憭?,,
AC44547100,獢??亥?,Telowsin,????mg,TERAZOSIN 2mg,瘞訾縑,$30/??擃?憯???,,
AC55408100,獢??亥?,Terodine,?寞?摰?銵??2mg,Tolterodine 2mg,?祆絲,$65/??撠踹仃蝳???,,
AC44689100,獢??亥?,Thoin SRM,??蝺拚?敺桃???250mg,THEOPHYLLINE 250mg,瘞詨?,$30/??瘞??,,
AC449241G0,獢??亥?,Thoin SRM,??蝺拚?敺桃???125mg,THEOPHYLLINE 125mg,瘞詨?,$25/??瘞??,??,
AC50008100,獢??亥?,Uracare,????0mg,TROSPIUM 10mg,憭拍儔,$60/??撟單???????,,
AC010471G0,獢??亥?,Uretropic,????0mg,FUROSEMIDE 40mg,???啁?,$20/???拙倏,??,
AB29478100,獢??亥?,UROSIN,?芸? 100mg,ATENOLOL 100mg,瘞訾縑,$25/??擃?憯???,,
AC474441G0,獢??亥?,Uroso,?抵??00mg撘瑞?,URSODEOXYCHOLIC,撘瑞?,$30/???賜???,,
AC45700100,獢??亥?,UROTROL,?芸??﹝??5mg,PROPIVERINE 15mg,?乩?,$??/??撠踹仃蝳???,,
AC440141G0,獢??亥?,Userm,?葬??00mg,TOLPERISONE 100mg,?,$20/???潛??扯??,??,
AC372251G0,獢??亥?,WECOLI?,?暻? 25mg,BETHANECHOL 25mg,??,$30/??撠踹????,,
AC40986100,獢??亥?,WEIMOK,?瞏?20mg,FAMOTIDINE 20mg,銵?,$??/???蔑????,,
AC30879100,?嗉???Apresoline,?踵?拍?撖抒?銵??10mg,,蝢?,$2/憿?,,,
AC30742100,?嗉???Apresoline,?踵?拍?撖抒?銵??25mg,,蝢?,$2/憿?,,,
AC46118100,?嗉???B.H.L.,憿怎???2mg,,銝剖?,$2/憿?,,,
AC46236100,?嗉???B.H.L.,憿怎???5mg,,,,,,
AC27940100,?嗉???Beesix,蝬剖蝝?50mg,,璁格?,$3/蝎?,,,
AC37141100,?嗉???Befon,????mg,,蝢?,$3/蝎?,,,
AC37140100,?嗉???Befon,????0mg,,,,,,
AC24053100,?嗉???BLOODFULL,??摨瑞?銵??,,,,,,
AC28079100,?嗉???BUSIX,敹?撖折?1mg,,,,,,
AC37520100,?嗉???CAPHOS TABLETS 667MG,????67瘥怠?,,,,,,
AC33933100,?嗉???Carbizo,???恍?10mg,,?芰?,$2/蝎?,,,
AC44365100,?嗉???DAMPURINE ,?圾??25mg,,,,,,
AC41577100,?嗉???Destone,?餌撖折?540mg,,??,$5/蝎?,,,
A027040100,?嗉???Dex-CTM,?寞??2mg,,?亙,$2/蝎?,,,
AB57848100,?嗉???Fluoxetine Capsules,蝳扳膨??20mg,,,,,,
AC07543100,?嗉???Folic Acid,璁格????mg,FolicAcid 5mg,璁格?,$20/??鞎扯?,??,,
AC44272100,?嗉???FORMOROL,???,,,,,,
AC59802100,?嗉???K-SUPPLY,????95mg,,,,,,
BC09554100,?嗉???Lanoxin,??敹?.25mg,,,$3/蝎?,,,
N012916100,?嗉???Meclizine,蝢??拚???5mg,,,$1/蝎?,,,
AC58589100,?嗉???MOCOLAX,?楨??,,,,,,
AC26328100,?嗉???Newmazole,蝝??10mg,,,$,,,
BC23572100,?嗉???ORFARIN,甇?撖?mg,,,,,,
AC42272100,?嗉???Rowapraxin,??派?﹝??0mg,,,$5/蝎?,,,
A043488100,?嗉???SENNAPUR,皜?憌?,,,,,,
B018797100,?嗉???SENOKOT,???蟡?,,,,,,
AC21923100,?嗉???SODIUM BICARBONATE,蝣喲瘞恍???,,,,,,
AC41673100,?嗉???SULFIN,?儔?拚?100mg,,,,,,
A037697100,?嗉???THROUGH,靘輸??﹝??,,,,,,
AC48191100,?嗉???THYROID-S,瘣餌??00mg,,,,,,
AC02846100,?嗉???WANSE,?箄?蝟﹝??,,,,,,
NC05616100,?嗉???WINSUMIN,蝛抵???5mg,,,,,,
NC04385100,?嗉???WINSUMIN,蝛抵???2.5mg,,,,,,
AC22960100,?嗉???Zinga,?窄??0mg,,,$2/蝎?,,,
BC24047100,,Abilify,摰?敺?0mg,,憭批?,$800/??,,
BC24048100,,Abilify,摰?敺?5mg,,憭批?,$850/??,,
BC24725100,,Acertil,???銵??5mg,,?賜雁??$10/憿?,,,
BC25046100,,Acertil Plus,???撘琿?5/1.25mg,,?賜雁??$10/憿?,,,
AC58623100,,Aclonac,摰???銵??100mg,,?亙,$40/??,,
NC049281G,,Actibest,瘣餅?敹?蝟﹝??,??,$20/??,,,
BC23206100,,Actos,?戎蝟?30mg,,甇衣,$300/??,,
AC40090100,,Acylete,??瘝?00mg,,銝剖?,$6/蝎?,,
AB58075100,,Adapine S.R.F.C,憯???0mg,,??,$70/??,,
AC46077100,,Adarone,?暸?蝯?00mg,,?亙,$580/??,,
AC376891G0,,Aelocon,??摨瑞?銵??50mg,,瘞詨?,$20/??,,
AC59251100,,Agitin,??憍琿?10/20mg,,?拍◣,$400/??,,
AC43161500,,Alcos-anal,??摨瑟???00mg,,,$,,??
BC226101G0,,Aldactone,摰???5mg,,頛?,$240/??,,
AC023201G0,,Aleviatin,?輸敶潮?園?100mg,,?梁???$40/??,,,
AC571471G0,,Alledine,???﹝??0mg,,瘞訾縑,$25/??,,
AC55945100,,Allevo,????mg,,撟貊?,$40/??,,
AC30257100,,Amanda F.C,摰遛??00mg,,銵?,$30/??,,
BC22671100,,Amaryl,?芰?圈?2mg,,鞈質姥??$80/??,,,
BA24876100,,Amaryl M,蝢?啗?銵??2/500mg,,鞈質姥??$120/??,,,
AC44687100,,Amilo,?像??0mg,,?,$60/??,,
AB28041100,,Amiorone,?暹???00mg,,靽⊥,$60/??,,
AC29320100,,Amizide,摰?憯?mg,,??,$3/蝎?,,
AC57114100,,Amlodipine,摰?敺帘??mg,,銝剖?鋆?,$30/??,,
AC259251G0,,Ancogen,摰??梢?,,?航?,$20/??,,
AC415481G0,,Anginar F.C.,蝡???5mg,,??,$20/??,,
AC48908100,,Antilom F.C.,????0mg,,??,$5/蝎?,,
AA48879100,,Anxolipo,?∟?憒亥?銵??10mg,,?拍◣,$160/??,,
AC48057100,,Anxotos,摰揣蝟?30mg,,?拍◣,$240/??,,
BC19631100,,Apo-Capto,摰?摨琿?12.5mg,,暾餅捷,$2/蝎?,,
BB25653100,,Apo-Quetiapine,摰窄????00mg,,暾餅捷,$6/蝎?,,
AC30743100,,Apresoline,?踵?拍?撖抒?銵??50mg,,蝢?,$2/憿?,,
BC23615100,,Arava F.C,?曄?撖?0mg,,鞈質姥??$1020/??,,,
BC23983100,,Arcoxia,?砍??拚?60mg,,暺???$300/??,,,
AC45971100,,Arheuma,?暻?0mg,,蝢?,$500/??,,
AC46989100,,Aricept,?甈??銵??10mg,,銵?,$1800/??,??,
AC42556100,,Aricept,?甈??銵??5mg,,銵?,$1800/??,??,
BC27473100,,Aricept ODT,?甈?撏拚?10mg,,銵?,$1800/??,,
BC23097100,,Aromasin,隢暹??25mg,,頛?,$1800/??,,
BC240251G0,,Aspirin,?踵?寞??豢熄?﹝??00mg,,??$220/??,,,
AA49543100,,Atorin,??憒?0mg,,?乩?,$45/??,,
AC55268100,,Atorva,蝡???銵??40mg,,??,$140/??,,
BC27283100,,Atozet,?芣陸??銵??10/20mg,,暺???$720/??,,,
BC23952100,,Avodart,?拙倏????0.5mg,,?蝝?$600/??,,,
BC25754100,,Azamun,????0mg,,?芰???$1700/??,,,
BC27332100,,Azilect,?輯???mg,,?曄雁??$2800/??,,,
BA24469100,,Baraclude,鞎???銵??0.5mg,,敹祥憒?$4200/??,,,
BA24468100,,Baraclude,鞎???銵??1mg,,敹祥憒?$5200/??,,,
AC39790100,,Benrone,??100mg,,鈭,$20/??,,
AC400471G0,,Bentomin,敺蝟?500mg,,?,$10/憿?,,
AC40174100,,Benzro,鋡芷??00mg,,甇??,$30/??,,
BC20174100,,Betaloc,??撖扳??100mg,,AZ,$750/??,,
BC23799100,,Betaloc,??撖扳??25mg,,AZ,$100/??,,
AB44619100,,Betazolol,??璅?0mg,,靽⊥,$120/??,,
BC26217100,,Betmiga,鞎?拇?蝥?25mg,,摰瘜唬?,$1100/??,,
BC26216100,,Betmiga,鞎?拇?蝥?50mg,,摰瘜唬?,$1100/??,,
NC06263100,,Bismuth,甈∠４?賊???.324g,,鈭箔犖,$2/憿?,,
AB45348100,,Biso,?暸甇?銵??5mg,,?亙,$20/??,,
BC24592100,,Blopress,????撘琿?16/12.5mg,,甇衣,$320/??,,
BC23128100,,Blopress,????8mg,,甇衣,$230/??,,
AC373441G0,,Bokey,隡臬100mg,,瘞訾縑,$1100/??,,
BC26996100,,Brintellix,??.C.10mg,,蝳曉銵?$1100/??,,,
AC39239100,,Broen-C,?脩???,??,$3/蝎?,,,
AB54977100,,BuporinSRT,敹?撖?50mg,,??,$700/??,,
BC051761G0,,Burinex,?尼敹???mg,,蝳曉,$250/??,,
AC382041G0,,Cabudan,?∪???5mg,,?亙,$20/??,,
BC24391100,,Caduet,????mg/10mg,,頛?,$380/??,,
BC24392100,,Caduet,????mg/20mg,,頛?,$480/??,,
BC26950100,,Canaglu,?舀蝟?銵??100mg,,?啁,$960/??,,
AA58268100,,Candis,摨瑕???8mg,,?亙,$220/??,,
AB182511G0,,Cardiolol,敹??湧?10mg,,?亙,$30/??,,
BC22678100,,Cardizem,?勗?敹??暸?180mg,,?啁,$13/蝎?,,
BC19885100,,Cardizem,?勗?敹??暸?90mg,,?啁,$8/蝎?,,
AB58303100,,Carisoprodol,?⊿?250mg,,鈭?,$30/??,,
AC49469100,,Carlatrend,?∪?撟喲?6.25mg,,瘞貉?,$60/??,,
AC369661G0,,Cartil,?∟羲?暸?30mg,,?亙,$20/??,,
BC25391100,,Catapres,???拚?75ug,,?暸?雿?$30/??,,,
AC49193100,,Catilon,?詨?撖折?40mg,,?望?,$80/??,,
AC58998100,,Cecolex,撣爸璅???00mg,,甇??,$50/??,,
BC23177100,,Celebrex,撣?????00mg,,頛?,$150/??,,
AC341571G0,,Ceretal,銵?拇?蝥抒?銵??400mg,,靽⊥,$30/??,,
BC24770100,,Certican?,??摨琿?0.25mg,,隢曇,$100/??,,
AC447101G0,,Cety,???﹝??0mg,,瘞訾縑,$20/??,,
AC301201G0,,Cintsu,敹?蝟﹝??0mg,,瘞訾縑,$20/??,,
BC20862100,,Cipram,???﹝??0mg,,蝳曉,$330/??,,
AC57819100,,Clopidogrel,"?航姥???曉?蝢?""F.C75mg""",,蝢?,$570/??,,
BC25114100,,Clopidogrel Sandoz,??撖?5mg,,隢曇,$930/??,,
AC42621100,,Clopine,?撟?5mg,,?ㄚ,$35/??,,
BC18542100,,Clozaril,?航敺?00mg,,?,$350/??,,
BC23266100,,Co-Aprovel,?舀隢曄雁??50/12.5mg,,鞈質姥??$200/??,,,
BC23267100,,Co-Aprovel,?舀隢曄雁??00/12.5mg,,鞈質姥??$340/??,,,
BC23220100,,Co-Diovan,?臬?摰帘160/12.5mg,,隢曇,$300/??,,
BC23109100,,Co-Diovan,?臬?摰帘80/12.5mg,,隢曇,$170/??,,
AC099871G0,,Colchicine,?舐靽?.5mg,,?航?,$20/??,,
AC303961G0,,Colchicine,?舀?????.5mg,,暽賡?蝢?$30/??,,,
NC062711G0,,Colchicine,蝘偌隞匱??.5mg,,?亙,$20/??,,
AC413161G0,,Colchicine,撽◢??.5mg,,靽⊥,$10/??,,
AC483441G0,,Colian,?舐?摰???5mg,,撘瑞?,$30/??,,
AC316761G0,,Compesolon,摨琿???mg,,?ㄚ,$20/??,,
BC24039100,,Concor,摨瑁1.25mg,,?啁,$90/??,,
BC17125100,,Concor,摨瑁5mg,,?啁,$300/??,,
AC56633100,,Coniel,摨瑚??曇?銵??4mg,,?亙,$60/??,,
AC323721G0,,Conslife,蝘?蝟﹝??,瘞訾縑,$35/??,,,
BC25326100,,Coplavix,?臭???5/100mg,,鞈質姥??$1250/??,,,
BC26097100,,Coralan,摨瑞?靘?mg,,?賜雁??$1600/??,,,
BC14822100,,Cordarone,??璅?200mg,,鞈質姥??$200/??,,,
AC133811G0,,Cortisone,銋?舫?擛?5mg,,??,$30/??,,
AC059541G0,,Cospanon,?臭蝙靽???40mg,,銵?,$25/??,,
AC433641G0,,Coxine,?派??0mg,,?亙,$30/??,,
AC44597100,,Coxine SR,?派????0mg,,?亙,$350/??,,
BC23655100,,Cozaar,?舀??刻?銵??100mg,,暺???$230/??,,,
BC21914100,,Cozaar,?舀??刻?銵??50mg,,暺???$160/??,,,
BC24131100,,Crestor,??憒亥?銵??10mg,,AZ,$450/??,,
BC24240100,,Cymbalta,??閫????0mg,,蝳桐?,$620/??,,
AB01641100,,Cytadine,???桅?4mg,,??,$2/蝎?,,
BC11315100,,Deanxit,敺?蝺?銵??10mg,,蝳曉銵?$35/??,,,
AC194181G0,,Decone,敺熒??.5mg,,??,$10/??,,
AC228361G0,,Defense,?舀蔑?﹝??00mg,,瘞訾縑,$30/??,,
AB44434100,,Delibs,?頨?銵??50mg,,銵?,$70/??,,
AC45972100,,Denosin,???﹝??mg,,蝢?,$30/??,,
BC14902145,,Depakine,撣??脣?雯200mg/ml,,鞈質姥??$250/??,,,
BC22008100,,Depakine,撣??脫?蝥?500mg,,鞈質姥??$220/??,,,
BC14899100,,Depakine,撣??脰皞園?200mg,,鞈質姥??$180/??,,,
AC51197100,,Desora,瘝餅?璅?mg,,?芰?,$50/??,,
BC23179100,,Detantol R.F.C,餈芸憒?mg,,銵?,$85/??,,
BC22783100,,Detrusitol,敺?憒亥?銵??2mg,,頛?,$15/蝎?,,
BC25887100,,Dexilant,敺?????0mg,,甇衣,$250/??,,
AC44781100,,Dextromethorphan,?萄??孵?60mg,,蝢?,$25/??,,
BC235031G0,,Diamicron MR,撗梯???????0mg,,?賜雁??$140/??,,,
BB25266100,,Diamicron MR,撗梯???????0mg,,?賜雁??$250/??,,,
AC48602100,,Diazone,蝟???15mg,,甇??,$100/??,,
BC26631100,,Dicetel,敺??寡?銵??100mg,,鈭,$260/??,,
X000194100,,Digosin TAB-0.25mg,,,?歲,$5/蝎?,,
BC20452100,,Dilatrend,??券?25mg,,蝢?,$40/??,,
BC22071100,,Dilatrend,??券?6.25mg,,蝢?,$35/??,,
AC48128100,,Diltelan,???20mg,,??,$70/??,,
AC332241G0,,Diltisser,餈芸?韐?30mg,,銝剖?,$10/??,,
AC46351100,,Dimotil Repe,蝡?璅?,,?噸,$40/??,,
BC23374100,,Diovan,敺?蝛抵?銵??160mg,,隢曇,$250/??,,
BC24645100,,Diovan,敺?蝛抵?銵??40mg,,隢曇,$180/??,,
BC23373100,,Diovan,敺?蝛抵?銵??80mg,,隢曇,$170/??,,
AC578911G0,,Dipyridamole,??瑕?蝟﹝??5mg,,銝剖?,$20/??,,
AC320461G0,,Dipyridamole,敺??75mg,,瘞訾縑,$20/??,,
AC138011G0,,Dipyridamole,敺??蝟﹝??5mg,,??,$,,
BC24585309,,Divigel gel,餈芰雁????mg,,?亙,$15/??,,
NC025311G0,,Donison,璅?賡?5mg,,銝剖?,$20/??,,
AC448531G0,,Dophilin,??撖折?2mg,,靽⊥,$20/??,,
AC476481G0,,Dosin,??10mg,,靽⊥,$20/??,,
BC22658100,,Dostinex,?像??0.5mg,,頛?,$1100/??,,
BC216411G0,,Doxaben,?航???mg,,頛?,$250/??,,
BC23711100,,Doxaben XL,?航????扯??4mg,,頛?,$350/??,,
BC25423100,,Duodart,憭??,GSK,$1250/??,,,
AA56776100,,Duxetine,?祆?????0mg,,銝剖?,$250/??,,
AC49453100,,Easyfor,?熒???交???75mg,,??,$50/??,,
BC24220100,,Ebixa,?嗅?雿唾?銵??10mg,,蝳曉銵?$350/??,,,
BC25756100,,Edarbi,??撟喲?40mg,,甇衣,$400/??,,
BC24421100,,Efexor XR,?????扯???7.5mg,,??,$350/??,,
BC23571100,,Efexor XR,?????扯???5mg,,??,$400/??,,
BC26124100,,Eliquis,?曉????﹝??.5mg,,頛?,$2000/??,,
BC26133100,,Eliquis,?曉????﹝??MG,,頛?,$1900/??,,
BC24708100,,Eltroxin,?甈??100mcg,,摰?,$200/??,,
BC25533100,,Eltroxin,?甈??50mcg,,摰?,$200/??,,
AB339471G0,,Emetrol,??撖折?10mg,,??,$20/??,,
BC26671100,,Entresto,?亙?敹?銵??200mg,,隢曇,$5000/??,,
A001713100,,Enzyme,銴?萇???0mg,,???$50/??,,,
AB46749100,,Epilramate,???﹝??00mg,,摰?,$1060/??,,
AC56712100,,Epine,?勗?﹝??5mg,,?梁姘,$120/??,,
AC39822100,,Estrade,?敺?2mg,,?亙,$40/??,,
AC46385100,,Etolac XL,璅???蝺拚???00mg,,??,$80/??,,
BC22920100,,Etumine,?戎??0mg,,??,$70/??,,
AC427541G0,,Euricon,?芸?摨琿?50mg,,?亙,$20/??,,
BB24023100,,Evista,??帘?﹝??0mg,,蝳桐?,$1100/??,,
BC22861100,,Exelon,?嗆??1.5mg,,隢曇,$900/??,,
BC22858100,,Exelon,?嗆??3mg,,隢曇,$900/??,,
BC22863100,,Exelon,?嗆??4.5mg,,隢曇,$900/??,,
BC22859100,,Exelon,?嗆??6mg,,隢曇,$900/??,,
BC25072100,,Exforge,??蝛抵?銵??5/160mg,,隢曇,$500/??,,
BC24824100,,Exforge,??蝛抵?銵??5/80mg,,隢曇,$300/??,,
BC25419100,,Exforge HCT,??蝛?/160/12.5mg,,隢曇,$450/??,,
AC55939100,,Exmem,?暹?﹝??0mg,,銝剖?,$160/??,,
BC24058100,,Ezetrol,?∪戎??0mg,,暺???$450/??,,,
BC25427100,,Feburic,蝳??銵??80mg,,摰,$600/??,,
AB44468100,,Felopine F.R.F.C,蝝5mg,,??,$20/??,,
BC22462100,,Femara,敺拐像蝝?銵??2.5mg,,隢曇,$1400/??,,
AC50087100,,Fendown,????60mg,,?拍◣,$40/??,,
AC58755100,,Flexer ER,???拇?蝥?銵??15mg,,?亙,$90/??,,
AC43898100,,Flu-D,???150mg,,瘞訾縑,$700/??,,
AC44248100,,Folina,?鈭?15mg,,?望?,$1300/??,,
BC22097100,,Foliromin,????銵??50mg,FerricSodiumCitrate,曊游?,$,,
AC403991G0,,Forflow,蝳?????00mg,,蝢?,$30/??,,
AC59209100,,Forliton  F.C.,隡?憟?0mg,,??,$150/??,,
BC26476100,,Forxiga,蝳雿唾?銵??10mg,,AZ,$850/??,,
BC26136100,,Fosamax,蝳?蝢?撉券?70mg/5600IU,,暺???$700/??,,,
AC44572100,,Foxate,隡??﹝??00mg, ,?亙,$50/??,,
AC46018100,,Fuprostate,霅瑁撖折?250mg,,撖園翩,$25/蝎?,,
BC26328100,,Fycompa,?脫??銵??2mg,,銵?,$2000/??,,
AC414881G0,,Fylin Retard,?Ｗ儐???折?400mg,,甇??,$30/??,,
BC25306100,,Galvus,擃??芷50mg,,,$300/??,,
BC25482100,,Galvus Met,擃??芰?50/1000mg,,,$550/??,,
BC25480100,,Galvus Met,擃??芰?50/500mg,,,$550/??,,
BC25481100,,Galvus Met,擃??芰?50/850mg,,,$550/??,,
AC422101G0,,Genurso,?亥??00mg,,?乩?,$30/??,,
AC326421G0,,Giko,敺芸?40mg,,,$30/??,,
AC398631G0,,Gincare,?銋?9.6mg,,瘞訾縑,$40/??,,
AC406991G0,,Ginkgocentrate,???﹝??.6mg,,,$,,
AC494661G0,,Gliclax,蝟?皜?0mg,,,$30/??,,
AB58071100,,Glimet,?拇蝟?銵??2/500mg,,靽⊥,$50/??,,
AA49930100,?賢??亥?,Glitis,瘜蝛拚?30mg,PIOGLITAZONE,銝剖?,$90/??蝟倏??,,
AB47671100,,Glubose,?拍???0mg,,??,$30/??,,
BB20787100,,Glucobay,??正??00mg,,,$65/??,,
BB20786100,,Glucobay,??正??0mg,,,$35/??,,
AC46733100,,Glucomet,?蝢?5/500mg,,,$150/??,,
AB484841G0,,Glucomin XR,蝡???楨??500mg?,,?孵?,$30/??,,
AA52337100,,Glufast,敹怠?憒仿?10mg,,,$360/??,,
?∪靽策隞?,Glustrong,撉冽偶憯航???50mg,,瘞訾縑,$20/??,,,
AA48333100,,Glutazone,甈???圈?30mg,,,$100/??,,
AB405831G0,,Gluzide,?潭???0mg,,,$20/??,,
BC27073100,,Glyxambi,蝟?撟唾?銵??25/5mg,,,$1300/??,,
AC379881G0,,Goutil,?颱???0mg,,,$20/??,,
AC449771G0,,Gowell,?箄???,??,$10/??,,,
AC46640100,,Grumed,?摰?2mg,,,$80/??,,
AC373521G0,,Hopan,?祐0.5mg,,,$20/??,,
AC47456100,,Hote Chewable,憟賡??潮?100mg,,,$40/??,,
NC00141100,,Hychlozide,???拍?25mg,,,$2/蝎?,,
AC50142100,,Hydroquine,?∪祐?﹝??00mg,,靽⊥,$50/??,,
AC187191G0,,Imimine,??蟡?5mg,,,$20/??,,
BC24732100,,Invega,?雁雿單?蝥扯??3mg,,,$2500/??,,
BC25158100,,Invega,?雁雿單?蝥扯??9mg,,,$4700/??,,
BC25897100,,Irbesartan Sandoz,?暹瘝?300mg,,,$250/??,,
BC237081G0,,Isoptin,隡?憍瑁?銵??40mg,,,$240/??,,
NC00261100,,Johnlax,?噶璅皞園?5MG,,,$2/憿?,,
AB55560100,,Kludine MR,??瘛?0mg,,,$40/??,,
AC47679100,,Knowful,?衣?1200mg,,瘞訾縑,$40/??,,
AC175081G0,,Knowful,?衣???400mg,,,$30/??,,
AC399281G0,,Kowell,摨瑁???mg,,瘞詨?,$15/??,,
BC26668100,,Latuda,璅???0mg,,,$1600/??,,
AC56667100,,Lecadopa,??璅?25/100mg,,,$6/蝎?,,
AA49629100,,Leeyo,?Ｘ??﹝??0mg,,,$100/??80/??,,
AB35179100,,Lefenine,?抵??銵??100mg,,,$40/??,,
BC25594100,,Lipanthyl,撘側?抵?撖扯?銵??145mg,,,$150/??,,
AC49204100,,Litacarbose,銵??00mg,,?拚?,$,,AC05811100
AB437061G0,,Loditon,隡???00mg,,??,$,,
AC44731100,,Longcardio,?Ｗ?雿?25mg,Carvedilol 25mg,瘞貊?,$50/??,,
A018559100,,Lonzumin,?格祥??25mg,,,$2/蝎?,,
AC200591G0,,Loperamide cap,??2mg,,,$20/??,,
AB57237100,,Losa&Hydro,??窄蝛抵?銵??50/12.5mg,,,$100/??,,
AC39403100,,Lozutin,頝航?摰?20mg,,瘞訾縑,$,,
AC283331G0,,Luckyhepa,????,,瘞訾縑,$,,
BC24750100,,Luvox,?⊿炳撖扯?銵??50mg,,,$300/??,,
AC50423100,,Mafarin,??撖折?2.5mg,,,$60/??,,
AC395841G0,,Mebever,蝢???35mg,,,$20/??,,
AC44041100,,Meitifen,暻亙??楨??75mg,,,$20/??,,
A000096100,,Menna,???50mg,,,$20/??,,
AB440911G0,,Mephenoxalone,蝢?????00mg,,鈭散,$20/??,,
AC44115100,,Mequitazine,??蝢?5mg,,鈭散,$20/??,,
AC293561G0,,Merislon,?蝙??12mg,,銵?,$20/??,,
AC33664100,,Mesyrel,蝢?擛梢?50mg蝢?,,,$,,
BC17283100,,Metalcaptase,皛踹???00mg,,,$330/??,,
AC585341G0,,Metformin,撖祆????銵??500mg,,銝剖?,$15/??,,
AC45923100,,Meticort,蝢???4mg,,,$2/蝎?,,
BC25021100,,Minirin,餈瑚?撖批??嗅皞園?60ug,,,$1600/??,,
AC445951G0,,Minlife,????0mg,,瘞訾縑,$20/??,,
BC25258100,,Mirapex PRT,璅摩??蝥?0.375mg,,,$1900/??,,
BC25253100,,Mirapex PRT,璅摩??蝥?0.75mg,,,$3500/??,,
BC25260100,,Mirapex PRT,璅摩??蝥?1.5mg,,,$6000/??,,
AB515971G0,,Mirobect,??敹?50mg,,,$30/??,,
AC476561G0,,Mopride,?抵????﹝??mg,,?梁???$50/??,,,
AC555641G0,,Mosad-TAB-5mg,,,鈭散,$40/??,,
AC555661G0,,Mosapulin,?詨?撖?5mg,,瘞訾縑,$50/??,,
AC55584100,,Mozapry,????mg,,,$30/??,,
BC25224100,,Multaq FCT,?陸??銵??400mg,,,$3600/??,,
AB31896100,,Musco,蝢??喲?30mg,,??,$,,
AC48363100,,Musgud,?芾???mg,,,$30/??,,
AC50772100,,Mycros,?瘣??.5mg,,,$350/??,,
AB41641100,,Nakamide,憯敺?.5mg,,憭批?,$20/??,,
AC47890100,,Nasaga,撣???0mg,,憭批?,$30/??,,
AC52354100,,Neocetin,憟賢???mg,,憭批?,$20/??,,
AB55041100,,Neuroquel,?行???銵??25mg,,曌?摰?$50/??,,,
BC24727100,,Nexavar,?曇??西?銵??200mg,,,$850/蝎?,,
BC22641100,,Novonorm,隢曉???1mg,,,$280/??,,
AC46525100,,Nuxitam,???﹝??200mg,,,$40/??,,
AC59278100,,Olmesardin,憒亙???0mg,,,$260/??,,
AB471471G0,,Picetam,敹??西?銵??1200mg,,,$25/??,,
AC48007100,,Pioglit,???0mg,,,$120/??,,
AA49429100,,Piozon,???桃??0mg,,,$100/??,,
AC50027100,,Pleya,甈???仿?100mg,,,$110/??,,
BC26453100,,Pms-Desmopressin,瘝?瘛券?0.1mg,,,$1500/??,,
AC49560100,,Politone,撖嗅蝟?30mg,,,$5/??,,
BC25458100,,Pradaxa,?格?????50mg,,,$500/??,,
BC26233100,,Pradaxa,?格?????5mg,,,$300/??,,
BC22997100,,Progor,靽?摨瑞楨????80mg,,,$300/??,,
BC23086100,,Prograf,?格??臬儔??0.5mg,,,$800/??,,
BC22043100,,Prograf,?格??臬儔??1mg,,,$1200/??,,
AC275311G0,,Prometin S.C.,鋆?蝢楊5mg,,,$25/??,,
AB57107100,,Promone Soft cap,憍血???00mg,,,$140/??,,
AC57731100,,Rakinson,敺???mg,,,$2500/??,,
AC154221G0,,Relazide S.C.,?拙?敺?00mg,,,$20/??,,
BC25118100,,Requip,??撟單?蝥扯?銵??2mg,,,$550/??,,
BC25120100,,Requip,??撟單?蝥??﹝??mg,,,$2000/??,,
BC22882100,,Requip,??撟唾?銵??0.25mg,,,$150/??,,
BC22883100,,Requip,??撟唾?銵??1mg,,,$350/??,,
BC22768100,,Risperdal,??憒?mg,,,$12/蝎?,,
AB57275100,,Risperidone,?郭?﹝??mg,,,$2/蝎?,,
AC52566157,,Rivast,???雯??20ml,,,$1600/??,,
AC388191G0,,Romicon-A,璅??唾??寡???,30/??$30/??,,,,
AC57130100,,Rotlip,瘣?撟唾?銵??10mg,,,$180/??,,
BC26870100,,Rytmonorm SR,敹甇????25mg,,,$150/??,,
AC56778100,,Salicret,瘨脫?敹怨?銵??5mg,,,$20/蝎?,,
AC274451G0,,Sandel,敹輕??銵??50mg,,,$20/??,,
BC21188100,,Sandimmun Neoral,?圈??西???00mg,,,$7400/??,,
BC21189100,,Sandimmun Neoral,?圈??西???5mg,,,$2300/??,,
NB099311G0,,Sanyl,?Ｗ?蝟﹝??0mg,,??,$20/??,,
BC24886100,,Seroquel XR,??摨瑟?蝥?300mg,,,$60/??,,
A012556109,,ShecoGranules,?典憿?8mg,,,$10/??,,
AC481711G0,,Silima,靽∠?撖?50mg,,,$30/??,,
BC23661100,,Silvinol,??隢?mg,,,$40/??,,
AC479011G0,,Silymarin,鞈熒靽???150mg,,靽⊥,$30/??,,
BC24339100,,Simvahexal,????銵??40mg,,,$240/??,,
AB55406100,,Sinbisol,敹?摨?mg,,,$20/??,,
BC20251100,,Sinemet,敹祐蝢?25/100mg,,,$600/??,,
AC195031G0,,Sinphadol,??璅?銵??25mg(??),,,$,,
AC416061G0,,Sinzac,靽⊥???20mg,,,$30/??,,
AC110121G0,,Sketa CAP,瘣暸?撘???寡???,,$30/??,,,
AB49240100,,Smilon,??撖扯?銵??15mg,,,$30/??,,
AA48334100,,Smilon,??撖扯?銵??30mg,,,$40/??,,
AC503401G0,,Sodium bicarbonate,蝣喲瘞恍?0.6mg,,,$30/??,,
AC315341G0,,Stable,銵敺像??5mg,,,$15/??,,
BC24171100,,Stalevo,憪??﹝??00/25/200mg,,,$700/??,,
AC365061G0,,Sunpylon,????0mg,,,$20/??,,
AC29575100,,Suzin,???10mg,,??,$50/??,,
AC295721G0,,Suzin,???5mg,,??,$20/??,,
AC425841G0,,Synbot,甈????0mg,,?亙,$20/??,,
B020548100,,Tambocor,敺???100mg,,,$700/??,,
AB46016100,,Tamlosin,?Ｗ瘛冽?蝥??曇???.2mg,,??,$5/憿?,,
AB47629100,,Tamso SR,?蹂??西?????0.2mg,,,$40/??,,
AC43950100,,Tanatril,?啁?皛?5mg,,,$110/??,,
AC46166100,,Tedalin chewable,?菟?撖批??潮?100mg,,,$20/??,,
BC16028100,,Tegretol,?脤??銵??200mg,,隢曇,$30/??,,
AC444981G0,,Telin,?萄祐??蝥折?200mg,,??,$,,
AC38091100,,Tengen,憍瑟??mg,,,$80/??,,
AC43188100,,Teradrin,?Ｘ?2mg,,,$20/??,,
AC43961100,,Terazosin,?蹂?????mg,,,$20/??,,
AC270111G0,,THRONE,???豢熄蝟﹝??00MG,,瘞訾縑,$20/??,,
AC31308100,,Ticoquer,?撖折?100mg,,蝢??飛,$30/??,,
AC582401G0,,Tofranil,憒亙??衣?銵??10mg,,蝢??側,$20/??,,
AC308941G0,,Tofranil,憒亙??衣?銵??25mg,,蝢??側,$20/??,,
AC479661G0,,Tone F.C.,??25mg,,,$40/??,,
AB46613100,,Tonec,????00mg,,鈭散,$50/??,,
AC430741G0,,Tonsaric,?蝡?100mg,,靽⊥,$,,
BC22508100,,Topamax,憒交陸?﹝??00mg,,,$1800/??,,
BC23381100,,Topamax Sprinkle,憒交陸???25mg,,,$420/??,,
BC22509100,,Topamax?,憒交陸?﹝??25mg,,,$420/??,,
BC25792100,,TrajentaDuo,蝟像?﹝??.5/850mg,,,$900/??,,
AC008441G0,,Trancolon,?寡擃?7.5mg(摰瘜唬?),,,$,,
AC390871G0,,Trenfylline,敺芾???蝥?400mg,,,$30/??,,
AC241871G0,,Trental Dragee,敺芾瘜啁?銵??100mg,,,$25/??,,
BC16194100,,Trexan,瘝餃???.5mg,,,$6/蝎?,,
NC081381G0,,Tricozide,憭?箄瓷2mg,,,$30/??,,
AC00639100,,Trynol,敺瑕??5mg撘瑞?,,,$,,
AB40983100,,U-Ca,瘣餌雁D頠???.5mcg,,,$60/??,,
AB58303100,,U-Chu casodol,?⊿?250mg,,,$30/??,,
AC363491G0,,Uformin,???00mg,,?,$20/??,,
AC43698100,,Ufur cap,?儔??,,,$800/??,,
AC413521G0,,Ulstop,?蔑甇Ｚ?銵??20mg,,甇??,$20/??,,
BC26179100,,Unisia,?芷???/5mg,,,$300/??,,
AC48447100,,Uridin F.C,?芾鈭?mg,,,$60/??,,
AC58838100,,Urief,?芸??嗉?銵??4mg,,?亙,$100/??,,
AC55118100,,Urief,?芸??嗉???mg,,?亙,$100/??,,
AC448431G0,,Urosin,?芸?50mg,,,$20/??,,
AC377201G0,,Ursolic,?賡???00mg,,?踹噸,$30/??,,
AC49496100,,Utapine,?芷?撟唾?銵??100mg,,,$300/??,,
AC48467100,,Utapine,?芷?撟唾?銵??200mg,,,$350/??,,
AC49574100,,Utapine,?芷?撟唾?銵??25mg,,,$154/??,,
?∪靽策隞?,Vioment,?渲??,,$1/蝎?,,,,
AC47050100,,Your Iron,?芸??50mg,,,$50/??,,
