健保碼/國際代碼	編號	位置	層架	英文商品名	中文商品名	成分	供應商	價格	適應症	印	
AC37689100		內C區	一	AELOCON S.C. 	愛樂康糖衣錠					FALSE	FALSE
B017359100		內C區	一	BOLABOMIN	保利保錠					FALSE	FALSE
BC246291G0		內C區	一	Cinnaron	施腦通錠25毫克					FALSE	FALSE
AC303961G0		內C區	一	COLCHICINE	可樂喜定錠０.5公絲					FALSE	FALSE
AC32372100		內C區	一	CONSLIFE SUGAR COATED 	秘福糖衣錠					FALSE	FALSE
A032495100		內C區	一	COWBALIN	疳福錠100毫克					FALSE	FALSE
NC049281G0		內C區	一	DailyCare Actibest S.C	沛多活杏必糖衣錠					FALSE	FALSE
AC45358100		內C區	一	DEFLAM-K F.C.	驅炎寧膜衣錠25毫克					FALSE	FALSE
BC16973100		內C區	一	JUVELA N SOFT	高育維軟膠囊200公絲					FALSE	FALSE
AC34112100		內C區	一	LOPETIN 	樂止膠囊２毫克					FALSE	FALSE
AC293561G0		內C區	一	MERISLON	敏使朗錠12公絲					FALSE	FALSE
AC296301G0		內C區	一	METHYCOBAL	彌可保膠囊500微公克					FALSE	FALSE
AB45016100		內C區	一	OMEZOL	瘍寧膠囊20毫克					FALSE	FALSE
AB32312100		內C區	一	PURFEN F.C.	普服芬膜衣錠400毫克					FALSE	FALSE
AC29037100		內C區	一	RELAX	如來舒膠囊					FALSE	FALSE
A018176100		內C區	一	SUFUCON	賜福康膠囊					FALSE	FALSE
A037697100		內C區	一	THROUGH F.C.	便通樂膜衣錠					FALSE	FALSE
AC31308100		內C區	一	TICOQUER	克蟲寧錠100毫克					FALSE	FALSE
AB44997100		內C區	一	VOLNA-K F.C	待可服寧膜衣錠25公絲					FALSE	FALSE
AC14228100		內E區		ALLOPURINOL	安樂普利諾錠					FALSE	FALSE
AC373441G0		內E區		BOKEY	伯基腸溶微粒膠囊100mg					FALSE	FALSE
AC44710100		內E區		CETY 	協帝 膜衣錠10mg					FALSE	FALSE
AC15078100		內E區		DIPHENIDOL	敵芬尼朵糖衣錠					FALSE	FALSE
AC43898100		內E區		FLU-D	膚肯膠囊150mg					FALSE	FALSE
AC398631G0		內E區		GINKGO	銀之杏膜衣錠9.6mg					FALSE	FALSE
A029828100		內E區		KASCOAL	加斯克兒錠40mg					FALSE	FALSE
AB03318100		內E區		METOCLOPRAMIDE	胃明朗膜衣錠3.84mg					FALSE	FALSE
AC44595100		內E區		MINLIFE	敏福錠10mg					FALSE	FALSE
AB31896100		內E區		MUSCO	美舒咳錠30mg					FALSE	FALSE
AB09102100		內E區		PROPRANOLOL	心律錠10mg					FALSE	FALSE
AB30749100		內E區		RASITOL 	來喜妥錠40mg					FALSE	FALSE
AC44114100		內E區		SUFLEX	速得舒錠200mg					FALSE	FALSE
AC270111G0		內E區		THRONE	克栓腸溶糖衣錠100mg					FALSE	FALSE
AB46184100		內E區		TOPEE F.C.	肌鬆定膜衣錠150mg					FALSE	FALSE
AB41226100		內E區		TRAND	血迅膠囊250mg					FALSE	FALSE
AB29478100		內E區		UROSIN	優心100mg					FALSE	FALSE
AB38019100		內E區		VOREN	非炎徐放膜衣錠100mg					FALSE	FALSE
AB44403100		內E區		VOREN-K	非炎鉀糖衣錠50mg					FALSE	FALSE
AC45267100		內F區		"U-CHU" ACEO	痛立安長效膠囊90mg					FALSE	FALSE
AC023201G0		內F區		ALEVIATIN	阿雷彼阿慶錠					FALSE	FALSE
AC316761G0		內F區		Compesolon	康速龍錠5mg					FALSE	FALSE
NC02531100		內F區		DONISON	樂爾爽					FALSE	FALSE
AC427541G0		內F區		EURICON 	優力康錠50mg					FALSE	FALSE
AB45725100		內F區		LACOXA SR	樂夠效緩釋錠					FALSE	FALSE
AB440911G0		內F區		MEPHENOXALONE	美飛舒肌錠200mg					FALSE	FALSE
AC15387100		內F區		NAPOSIN	能百鎮錠250mg					FALSE	FALSE
AC05813100		內F區		SOLAXIN	舒肉筋新錠					FALSE	FALSE
AC430741G0		內F區		TONSARIC	痛酸立克100mg					FALSE	FALSE
AB46613100		內F區		U-CHU TONEC	痛停錠100mg					FALSE	FALSE
BC23016100		內G區		ALLEGRA	艾來60MG					FALSE	FALSE
AC57114100		內G區		Amlodipine 	安壓得穩錠5mg					FALSE	FALSE
BC23981100		內G區		ARCOXIA 	萬克適錠60mg					FALSE	FALSE
AC49193100		內G區		CATILON	腸必寧錠40mg					FALSE	FALSE
A020707100		內G區		DEPYRETIN 	得百利寧錠	ACETAMINOPHEN 500MG	榮民			FALSE	FALSE
AC57891100		內G區		Dipyridamole	所雷帝糖衣錠25mg					FALSE	FALSE
AB33947100		內G區		EMETROL	癒吐寧錠10mg					FALSE	FALSE
AC39304100		內G區		ESTROMON	伊使蒙膜衣錠0.625mg					FALSE	FALSE
AC09291100		內G區		EUCLIDAN 	優庫利暖錠50mg					FALSE	FALSE
AB38605100		內G區		FADIN F.C.	胃樂順膜衣錠20mg					FALSE	FALSE
AC42863100		內G區		FAMO	發馬膜衣錠20mg					FALSE	FALSE
AC57791100		內G區		FAMOTIDINE	法瑪鎮膜衣錠20mg					FALSE	FALSE
BC25427100		內G區		FEBURIC	福避痛膜衣錠80MG					FALSE	FALSE
BC16504100		內G區		FERRUM HAUSMANN	富鐵好嚼錠					FALSE	FALSE
AC326421G0		內G區		GIKO FILM-COATED	循克膜衣錠9.6mg					FALSE	FALSE
AC406991G0		內G區		GINKGOCENTRATE 	杏銀膜衣錠9.6mg					FALSE	FALSE
AC10358100		內G區		HERBESSER	合必爽錠30mg					FALSE	FALSE
AC47679100		內G區		Knowful Film	腦福 膜衣錠1200mg					FALSE	FALSE
AC46246100		內G區		LANPO	永勝佳胃膠囊30mg					FALSE	FALSE
AC57274100		內G區		Lansoprazole	逸潰定膠囊30mg					FALSE	FALSE
AC40894100		內G區		LIVORIN	利肝臨膠囊150mg					FALSE	FALSE
AB57237100		內G區		Losa&Hydro	那寶穩膜衣錠50/12.5mg					FALSE	FALSE
AC283331G0		內G區		LUCKYHEPA	肝福Ｒ膠囊					FALSE	FALSE
AB47656100		內G區		MOPRIDE F.C.	摩舒胃清膜衣錠5mg					FALSE	FALSE
AB55564100		內G區		MOSAD	胃莫傷錠5mg					FALSE	FALSE
AC55566100		內G區		MOSAPULIN 	腸安寧 膜衣錠					FALSE	FALSE
BC23221100		內G區		NEXIUM	耐適恩錠40MG					FALSE	FALSE
BC22782100		內G區		PARIET 	百抑潰腸溶膜衣錠20mg					FALSE	FALSE
AB46646100		內G區		POZOLA ENTERIC	盼胃優腸溶膜衣錠					FALSE	FALSE
AC22987100		內G區		PRIMPERAN	腹寧朗膜衣錠					FALSE	FALSE
AC46067100		內G區		PROTASE	優妙化腸溶微粒膠囊					FALSE	FALSE
AC154221G0		內G區		RELAZIDE	利吉得糖衣錠					FALSE	FALSE
AC44261100		內G區		RICH	胃全膠囊30mg					FALSE	FALSE
NB099311G0		內G區		SANYL	暢力糖衣錠					FALSE	FALSE
AC48171100		內G區		SILIMA 	信美寧膠囊					FALSE	FALSE
AC33468100		內G區		SILIMIN	賜得健膠囊150mg					FALSE	FALSE
AC47901100		內G區		SILYMARIN	賜康保肝膠囊150mg					FALSE	FALSE
AC195031G0		內G區		SINPHADOL	杏化樂糖衣錠					FALSE	FALSE
A019353100		內G區		STAZYME	速泰消腸溶錠					FALSE	FALSE
AC295721G0		內G區		SUZIN	舒腦膠囊5mg					FALSE	FALSE
AC29575100		內G區		SUZIN	舒腦膠囊10mg					FALSE	FALSE
AC48082197		內G區		SYNTAM	郝智內服溶液用顆粒劑1200mg					FALSE	FALSE
AC48727113		內G區		SYNTAM	郝智內服溶液用顆粒劑2400mg					FALSE	FALSE
AC413521G0		內G區		ULSTOP 	悅潰止膜衣錠					FALSE	FALSE
AC40986100		內G區		WEIMOK	胃莫潰膜衣錠20mg					FALSE	FALSE
AC33157100		內G區		WEISUFU	胃舒服錠					FALSE	FALSE
AC37601100		內G區		WELIZEN	胃利贊膜衣錠20mg					FALSE	FALSE
AC43501100		內G區		WINIFUL 	胃您好膜衣錠20mg					FALSE	FALSE
A034886100		內G區			舒胃錠					FALSE	FALSE
A032323114		內H區		ACTEIN GRANULES	愛克痰顆粒40mg/gm					FALSE	FALSE
A037598116		內H區		ACTEIN GRANULES	愛克痰顆粒66.7mg					FALSE	FALSE
AC47086100		內H區		ANKOMIN F.C.	美克糖膜衣錠500mg					FALSE	FALSE
BC24025100		內H區		ASPIRIN	阿斯匹林腸溶膜衣錠100mg					FALSE	FALSE
AB33029100		內H區		ATEOL F.C.	壓平樂膠衣錠100mg					FALSE	FALSE
AC43704100		內H區		ATINOL F.C.	愛平諾膜衣錠50mg					FALSE	FALSE
BC23952100		內H區		AVODART SOFT	適尿通軟膠囊0.5mg					FALSE	FALSE
AC04919100		內H區		BAKTAR	撲菌特錠400mg					FALSE	FALSE
BA24468100		內H區		Baraclude	貝樂克膜衣錠1mg					FALSE	FALSE
BA24469100		內H區		Baraclude	貝樂克膜衣錠0.5mg					FALSE	FALSE
BC26216100		內H區		Betmiga	貝坦利持續性藥效錠50mg					FALSE	FALSE
BC26217100		內H區		Betmiga	貝坦利持續性藥效錠25mg					FALSE	FALSE
AB45348100		內H區		BISO F.C	百適歐膜衣錠5mg					FALSE	FALSE
AB18251100		內H區		CARDIOLOL	心律整錠10mg					FALSE	FALSE
AC369661G0		內H區		CARTIL	卡迪爾錠30mg					FALSE	FALSE
AC433641G0		內H區		COXINE	冠欣錠20mg					FALSE	FALSE
AB48089100		內H區		DIAMIN MR	代蜜持續性藥效錠30mg					FALSE	FALSE
AA57322100		內H區		ENVIR F.C. 	欣甘膜衣錠0.5mg					FALSE	FALSE
AC57127100		內H區		Fexofenadine	飛敏耐膜衣錠60mg					FALSE	FALSE
AC44572100		內H區		FOXATE F.C	伏順膜衣錠200mg					FALSE	FALSE
AC27598100		內H區		FUCOU	去咳寧膠囊					FALSE	FALSE
AC414881G0		內H區		FYLIN RETARD F.C.	暢循持續性膜衣錠400mg					FALSE	FALSE
AC02863100		內H區		GLIBEN	固利康錠					FALSE	FALSE
AC57117100		內H區		Glimepiride	穩佳醣錠2mg						
AB58071100		內H區		GLIMET F.C.	利控糖 膜衣錠2/500mg						
BC071521G0		內H區		GLUCOPHAGE	庫魯化錠500						
BC182311G0		內H區		GLUCOPHAGE	庫魯化錠850mg						
AC46640100		內H區		GRUMED 	達醣定錠2mg						
AC39703100		內H區		LABTAL F.C. 	壓血泰膜衣錠200mg						
AC49833100		內H區		LEVOZINE F.C. 	舒敏寧膜衣錠5mg						
AC49204100		內H區		LITACARBOSE	衛醣錠100mg						
AB45492100		內H區		MECATER	麥咳喘錠25mg						
AC21758100		內H區		MEDICON-A	滅咳康複合膠囊						
AC44115100		內H區		MEQUITAZINE	過敏美奎錠5mg						
AC58534100		內H區		Metformin F.C.	寬樂醣膜衣錠500mg						
AB49656100		內H區		MIRTAPINE	美妥平口溶錠30mg						
AC58340100		內H區		MONKAST F.C.	樂息喘膜衣錠10mg						
AC36151100		內H區		MUBROXOL	平痰息錠30mg						
AC57219100		內H區		Nifedipine S.R.F.C.	恆脈循持續性膜衣錠30mg						
AC47092100		內H區		NILASEN	寧耳眩錠16mg						
AC47232100		內H區		NILASEN	寧耳眩錠24mg						
BC22064100		內H區		PROZAC	百憂解錠20mg						
AB42687100		內H區		REGROW	愛舒可羅持續性膜衣錠60mg						
AB57225100		內H區		Repaglinide	柔醣錠1mg						
BC22778100		內H區		SINGULAIR	欣流膜衣錠10mg						
AC46404100		內H區		SYNTREND	心全錠25mg						
AC46699100		內H區		SYNTREND	心全錠6.25mg						
BC22208100		內H區		TEGRETOL	癲通錠200mg						
BC16028100		內H區		TEGRETOL CR 	癲通長效膜衣錠200mg						
AC43961100		內H區		TERAZOSIN	替你舒壓錠2mg						
AC308941G0		內H區		TOFRANIL S.C	妥富腦糖衣錠25mg						
AC582401G0		內H區		Tofranil S.C.	妥富腦糖衣錠10mg						
A036349100		內H區		UFORMIN	克醣錠500mg						
AC55118100		內H區		URIEF	優列扶膠囊4mg						
AC58838100		內H區		URIEF F.C.	優列扶 膜衣錠4mg						
AA57950100		抽屜散藥		ATOVER F.C. TABLETS 20MG "P.L.	"培力"抑脂妥膜衣錠20毫克						
AC44602100		無庫存		BIDOPAR	拜渡帕錠２５/２５０毫克						
BC26996100		抽屜散藥		BRINTELLIX	敏特思膜衣錠10毫克						
BC26914100		抽屜散藥		Capecitabine	艾卡培"艾威群"膜衣錠500毫克						
AC48309100		抽屜散藥		Carvio Tablets 6.25mg	鬱心平錠6.25毫克						
BC21757100		抽屜散藥		CELLCEPT	山喜多膠囊２５０毫克						
BC25326100		無庫存		COPLAVIX	可保栓通膜衣錠75毫克/100毫克						
BC27421100		抽屜散藥		CREON 25000	卡利消腸溶微粒膠囊 25000						
BC24129100		抽屜散藥		CRESTOR 20MG	冠脂妥膜衣錠20公絲						
BC271571G0		抽屜散藥		DIABETMIN TABLET 500MG	降糖敏膜衣錠500毫克						
BC24585309		抽屜散藥		DIVIGEL 0.1% GEL	迪維舒 凝膠 1毫克						
AA56776100		抽屜散藥		Duxetine CAP-30mg	萬憂停膠囊30毫克						
BC27361100		抽屜散藥		Efient? F.C. Tablets 3.75 mg	抑凝安? 膜衣錠3.75毫克						
AC26926216		抽屜散藥		ENCORE	安喀寶注射液						
BC22861100		抽屜散藥		EXELON CAPSULES	憶思能膠囊1.5毫克						
BC22863100		抽屜散藥		EXELON CAPSULES	憶思能膠囊4.5毫克						
BC260293C8		抽屜散藥		EXELON PATCH	憶思能穿皮貼片10						
BC252343FA		抽屜散藥		EXELON PATCH 5	憶思能穿皮貼片5						
AC59771100		抽屜散藥		EXNORTAN	易德壓悅膜衣錠5/160毫克						
AC59872100		抽屜散藥		Fofnir	芙?寧膜衣錠300毫克						
BC26328100		抽屜散藥		Fycompa	癲控達膜衣錠2毫克						
AC47913100		抽屜散藥		Gestrin	佑汝膠囊2.5毫克						
BC24006100		抽屜散藥		GLUCOVANCE	庫魯泛斯錠 500公絲/5公絲						
BC19475209		無庫存		HALDOL DECANOAS	好度得注射液						
BC23135100		抽屜散藥		HYDREA	愛治膠囊500 毫克						
BC24732100		抽屜散藥		INVEGA	思維佳持續性藥效錠 3毫克						
BC25158100		抽屜散藥		INVEGA	思維佳持續性藥效錠 9毫克						
BC13086121		抽屜散藥		KALIMAT	加利美粉						
AC49059100		抽屜散藥		KONAX	咳諾長效膜衣錠 60 毫克						
AC57857100		抽屜散藥		Montelukast	息喘膜衣錠10毫克						
BC25224100		抽屜散藥		MULTAQ	脈泰克膜衣錠400						
BC23737100		抽屜散藥		MYFORTIC 	睦體康１８０毫克						
AC43823100		抽屜散藥		NATON-S.R.TABLETS 750 "EVEREST"	"永勝"拿痛長效持續性藥效錠７５０毫克						
AC58596100		抽屜散藥		OMESAR	順脈暢膜衣錠20毫克						
AC57731100		抽屜散藥		RAKINSON	律莎錠1000mg						
BC27368100		抽屜散藥		REXULTI	銳思定						
BC21189100		抽屜散藥		SANDIMMUN NE	新體睦軟膠囊25毫克						
BC22779100		內H區		SINGULAIR	欣流咀嚼錠5毫克						
AC59215100		抽屜散藥		SOLIN	頌寧膜衣錠5毫克						
BC24517100		無庫存		Strattera	思銳膠囊40毫克						
BC23381100		抽屜散藥		TOPAMAX SPRINKLE CA	妥泰分散型膠囊2５公絲						
AC31113121	1	桌上藥藍		Abilify	安立復5mg	Aripiprazole	大塚	$430/排	精神分裂症	FALSE	
BC27750100		抽屜散藥		Xarelto film-coated tablets 2.5mg	拜瑞妥膜衣錠2.5毫克						
AB56698343		抽屜散藥		ZALAIN EXTERNAL GEL	達來外用凝膠2%						
BC24047100	2	桌上藥藍		Abilify	安立復10mg	Aripiprazole	大塚	$620/排	精神分裂症	TRUE	
AB47981100	3	桌上藥藍		Acarose	降醣佳錠50mg	Acabose 50mg	生達	$30/排	糖尿病		TRUE
A032320100	4	桌上藥藍		Acetal	愛舒疼500mg	Acetaminophen 500mg	瑞安	$15/排	退燒止痛		TRUE
AC470441G0	5	桌上藥藍		Akinfree	安汀復	Biperiden 2mg	新瑞	$20/排	帕金森氏症	FALSE	
AC328011G0	6	桌上藥藍		ALAT CAPSULES 10MG	心福膠囊１０mg	NIFEDIPINE 10MG	永信	$30/排	高血壓		TRUE
AC415451G0	7	桌上藥藍		Aldactin	愛達信錠25mg	Spironolactone 25mg	信東	$20/排	利尿		TRUE
AC30257100	8	桌上藥藍		AMANDA	安滿達膜衣錠100mg	AMANTADINE	衛達	$　　/排	帕金森氏		TRUE
AC31119100	9	桌上藥藍		Amantadine	硫酸安曼他定100mg	Amantadine 100mg	回春堂	$60/排	帕金森氏症	FALSE	
NC036331G0	10	桌上藥藍		Aminophylline	氨基非林100mg	Aminophylline 100mg	應元	$25/排	高血壓		TRUE
AB47172100		健A區		Amepiride	欣益醣2mg	Glimepiride 2mg	健喬	$15/排	糖尿病	FALSE	
AC45085100	11	桌上藥藍		Amlodine	脈得順5mg	Amoldipine 5MG	寶齡	$20/排	高血壓		TRUE
AB44607100	12	桌上藥藍		Amlopine	鎮脈5mg	Amoldipine 5MG	生達	$20/排	高血壓	FALSE	
AC59415100	13	桌上藥藍		Amlos	安洛適5mg	Amoldipine 5MG	永茂	$40/排	高血壓		TRUE
AB46742100	14	桌上藥藍		Amtrel	諾壓10mg/5mg	Benazepril 10mg/Amlodipine 5mg	東洋	$160/排	高血壓		TRUE
A024465100	15	桌上藥藍		Aspirin	阿斯匹林	Acetylsalicylic Acid 100mg	強生	$10/排	抗凝血	FALSE	
BC225931G0	16	桌上藥藍		Atanaal	壓達能5mg	Nifedipine 5mg	曼哈頓	$30/排	高血壓	FALSE	
AC414971G0	17	桌上藥藍		ATINOL	愛平諾膜衣錠100mg	ATENOLOL 100MG	健喬信元	$30/排	高血壓		TRUE
AC55895100	18	桌上藥藍		Atorcal	柔脂10mg	Atorvastatin 10mg	十全	$70/排	高血脂	FALSE	
AB45041100	19	桌上藥藍		Baburol	喘平樂錠10mg	Bambuterol 10mg	信東	$30/排	氣喘	FALSE	
AC453831G0	20	桌上藥藍		Bafen	痛獲平5mg	Baclofen 5mg	瑞士	$20/排	止痛消炎		TRUE
AC376791G0	21	桌上藥藍		Beenrone	勉治錠50mg	Benzbromarone 50mg	永信	$20/排	痛風	FALSE	
AC56313100	22	桌上藥藍		BENECOL TABLETS"Y.C."50MG	"元宙"倍力舒錠 50 毫克	BETHANECHOL CHLORIDE 50 MG	元宙	$60/排			
AC400471G0	23	桌上藥藍		Bentomin 	得利糖錠 500mg	Metformin 500mg	十全	$20/排	糖尿病		TRUE
AC44481100	24	桌上藥藍		BIOZOLE TABLET 20MG	保幽樂錠20mg	OMEPRAZOLE 20mg	中生		胃潰瘍		TRUE
AC44254100		健A區		Bethanechol	滯尿通錠25mg	Bethanecol 25mg	強生	$30/排	痛風		TRUE
AC374411G0	25	桌上藥藍		Biperin	帕金寧2mg	Biperiden 2mg	聯邦	$30/排	帕金森氏症		TRUE
AC189491G0	26	桌上藥藍		Bisacodyl	秘克的腸溶糖衣錠5mg	Bisacodyl 5mg	榮民	$20/排	軟便		TRUE
AC09619100	27	桌上藥藍		Bisadyl	秘瀉樂腸溶錠5mg	Bisacodyl 5mg	明德	$15/排	軟便		TRUE
AB49189100		無庫存		Loata	羅達50mg	Cilstazol 5mg	中國化學	$40/排	間歇性跛足	FALSE	
AC382041G0	28	桌上藥藍		CABUDAN	卡布登錠25mg	CAPTOPRIL25mg	健喬信元	$　　/排	高血壓		TRUE
AB230371G0	29	桌上藥藍		Cardolol	心康樂 10mg	Propranolol 10mg	榮民	$15/排	狹心症	TRUE	
AB198751G0	30	桌上藥藍		Cardolol	心康樂 40mg	Propranolol 40mg	榮民	$15/排	狹心症		TRUE
AC55961100	31	桌上藥藍		CARISOMA TABLETS 250 MG	卡力舒錠250mg	CARISOPRODOL 250mg	健亞生物	$30/排	緊張		TRUE
AC41247100	32	桌上藥藍		Carpine	卡賓 200mg	Carbamazepine	信東	$30/排	神經痛		TRUE
AC57128100	33	桌上藥藍		Carvedilol	壓落保錠25mg	Carvedilol 25mg	中化	$20/排	高血壓		TRUE
BC24967100	34	桌上藥藍		Carvedilol Hexal 25mg	卡菲蒂羅錠25mg	Carvedilol 25mg	諾華	$350/盒	高血壓		TRUE
BC25674100	35	桌上藥藍		Carvedilol Hexal 6.25mg	卡菲蒂羅錠6.25mg	Carvedilol 6.25mg	諾華	$300/盒	高血壓		TRUE
AC322751G0	36	桌上藥藍		Ceporin	血樂平錠25mg	Captopril	信東	$15/排	高血壓		TRUE
AC341571G0	37	桌上藥藍		Ceretal	血利持續性糖衣錠400mg	PENTOXIFYLLINE 400mg	信東	$30/排	循環	FALSE	
AC48377100		無庫存		Plestar	普益達 100mg	Cilostazol 100mg	倍斯特	$160/排	間歇性跛行	FALSE	
AC42536100		內D區		Sevina	詩維娜	Estradiol/Norethindrone	健喬信元	$130/排	賀爾蒙	FALSE	
AC31493100	38	桌上藥藍		Chiphone	去痛錠 100mg	Benzbromarone 100mg	羅德	$30/排	痛風	FALSE	
AB016731G0	39	桌上藥藍		Cinnazine	賜腦清錠25mg	Cinnarizine 25mg	生達	$20/排	末梢神經障礙		TRUE
AC301201G0	40	桌上藥藍		CINTSU	心舒糖衣錠４０mg	VERAPAMIL HCL	永信	$20/排	狹心症		TRUE
AC45181100		內D區		Synna	欣娜	Estradiol/Medroxyprogesterone	健喬信元	$110/排	賀爾蒙	FALSE	
AC414991G0	41	桌上藥藍		Cirzodone	杏緩妥錠 50mg	Trazodone 25mg	杏輝	$20/排	抗憂鬱劑	FALSE	
AC60201100	42	桌上藥藍		Co-Midis	倍壓妥錠 80/5mg	Telmisartan/Amoldipine	生達	$120/排	高血壓		TRUE
AC59841100	43	桌上藥藍		CO-VOSAA	可汎穩壓 80/12.5	HYDROCHLOROTHIAZIDE/VALSARTAN	中國化學	$60/排	高血壓		TRUE
AC48181100		內D區		Venina	維妮娜錠	Estradiol/Medroxyprogesterone	健喬信元	$180/排	賀爾蒙	FALSE	
AC143431G0	44	桌上藥藍		COBAMAMIDE	可巴麥膠囊	COBAMAMIDE CAPSULES 250mg	豐田	$65/包/28顆	B12		TRUE
AC55271100	45	桌上藥藍		Cofarin	可化凝5mg	Warfarin 5mg	政德	$50/排	抗凝血	FALSE	
		前台抽屜E	二		露光			NT$30			
		前台抽屜E	二		必康5mg			NT$30			
		前台抽屜E	二		可恩			NT$30			
		前台抽屜E	二		漸得明			NT$40			
		前台抽屜E	二		眼爽朗			NT$25			
		前台抽屜E	二		紫菌素			NT$35			
		前台抽屜E	二		護康視0.02%			NT$25			
		前台抽屜E	二		復舒寧眼藥水			NT$40			
		前台抽屜E	二		特百欣			NT$40			
		前台抽屜E	二		安舒敏			NT$60			
		前台抽屜E	二		護康視0.1%			NT$25			
		前台抽屜E	二		眼爽10ml			NT$45			
		前台抽屜E	二		眼爽5ml			NT$30			
		前台抽屜E	二		善得明			NT$25			
		前台抽屜E	二		如視			NT$25			
		前台抽屜E	二		氯黴素			NT$30			
		前台抽屜E	二		宜剋菌			NT$70			
		前台抽屜E	二		美康耳滴			NT$70			
		前台抽屜E	三		愛膚克			NT$50			
		前台抽屜E	三		普膚			NT$80			
		前台抽屜E	三		喜膚能			NT$50			
		前台抽屜E	三		易可舒			NT$40			
		前台抽屜E	三		優膚松			NT$60			
		前台抽屜E	三		潔得爽			NT$50			
		前台抽屜E	三		倍絡宜乳膏			NT$30			
		前台抽屜E	三		倍絡宜軟膏			NT$30			
		前台抽屜E	三		健特膚5g			NT$30			
		前台抽屜E	三		袪黴諾			NT$30			
		前台抽屜E	三		全佳膚			NT$50			
		前台抽屜E	三		倍力克			NT$30			
		前台抽屜E	三		寶爾爽			NT$40			
		前台抽屜E	三		敏撲寧			NT$30			
		前台抽屜E	三		優達癬			NT$80			
		前台抽屜E	三		愛康娜			NT$70			
		前台抽屜E	三		守膚			NT$60			
		前台抽屜E	三		思媚			NT$80			
		前台抽屜E	三		邁可康			NT$65			
		前台抽屜E	三		安膚樂			NT$80			
		前台抽屜E	三		康可麗12g			NT$40			
		前台抽屜E	三		必克黴			NT$40			
		前台抽屜E	三		溫刻通			NT$40			
		前台抽屜E	三		樂得爽			NT$30			
		前台抽屜E	三		使逗消			NT$40			
		前台抽屜E	三		因多美杏			NT$40			
		前台抽屜E	三		可貝			NT$30			
		前台抽屜F	三	 	逗喜			NT$100			
		前台抽屜F	二		鹽酸四環素			NT$30			
		前台抽屜F	二		仕隆			NT$25			
		前台抽屜F	二		明美			NT$20			
		前台抽屜F	二		雅托平0.3%			NT$30			
		前台抽屜F	二		見大黴素點眼液			NT$40			
		前台抽屜F	二		復爾朗0.2			NT$35			
		前台抽屜F	二		復爾朗1			NT$35			
		前台抽屜F	二		多蒂芬			NT$60			
		前台抽屜F	二		利視明眼藥水			NT$25			
		前台抽屜F	二		阿托平0.125%			NT$25			
		前台抽屜F	二		阿托平0.3%			NT$25			
		前台抽屜F	二		倍特明眼藥水			NT$35			
		前台抽屜F	二		景明			NT$25			
		前台抽屜F	二		旺滴點眼液			NT$30			
		前台抽屜F	二		眼亮眼藥水			NT$30			
		前台抽屜F	二		舒腫眼藥水			NT$90			
		前台抽屜F	二		雅托平0.3%			NT$25			
		前台抽屜F	二		雅托平0.125%			NT$25			
		前台抽屜F	二		溫拿可通			NT$30			
		前台抽屜F	二		比達爽			NT$30			
		前台抽屜F	三		頓安膚5g			NT$50			
		前台抽屜F	三		頓安膚15g			NT$120			
		前台抽屜F	三		膚理舒得			NT$100			
		前台抽屜F	三		吉舒乳膏			NT$30			
		前台抽屜F	三		若蘭先施			NT$80			
		前台抽屜F	三		喜美凝膠10g			NT$50			
		前台抽屜F	三		喜美凝膠20g			NT$80			
		前台抽屜F	三		欲克黴			NT$40			
		前台抽屜F	三		使立復			NT$60			
		前台抽屜F	三		樂無痘除痘水			NT$120			
		前台抽屜F	三		舒膚通			NT$120			
		前台抽屜F	三		膚麗			NT$70			
		前台抽屜F	三		優足達10g			NT$70			
		前台抽屜F	三		保濕康			NT$50			
		前台抽屜F	三		雅若凝膠			NT$70			
		前台抽屜F	三		必健			NT$40			
		前台抽屜F	三		黴可舒10g			NT$90			
		前台抽屜F	三		仙麗絲			NT$80			
		前台抽屜F	三		必聯			NT$60			
		前台抽屜F	三		黴克頓			NT$50			
		前台抽屜F	三		必克多黴			NT$50			
		前台抽屜G	一		好視多0.02%			NT$25			
		前台抽屜G	一		眼晶			NT$50			
		前台抽屜G	一		派滴兒			NT$35			
		前台抽屜G	一		止膿敏			NT$20			
		前台抽屜G	一		硫酸甲酯新斯狄明			NT$20			
		前台抽屜G	一		好視多0.1%			NT$25			
		前台抽屜G	一		護眼			NT$20			
		前台抽屜G	一		安敏易			NT$60			
		前台抽屜G	一		滴朗			NT$30			
		前台抽屜G	二		皮爽			NT$70			
		前台抽屜G	二		妥膚淨軟膏5g			NT$50			
		前台抽屜G	二		可立舒乳膏清涼			NT$30			
		前台抽屜G	二		可立舒軟膏			NT$30			
		前台抽屜G	二		杏貝他健			NT$30			
		前台抽屜G	二		貝他每松清涼			NT$30			
		前台抽屜G	二		可立舒乳膏			NT$30			
		前台抽屜G	二		貝他每松花香			NT$30			
		前台抽屜G	二		妥膚淨乳膏			NT$60			
		前台抽屜G	三		欣黴素40g			NT$90			
		前台抽屜G	三		喜癒痣			NT$80			
		前台抽屜G	三		紫菌素5g			NT$30			
		前台抽屜G	三		紫菌素15g			NT$80			
		前台抽屜G	三		四益			NT$30			
		前台抽屜G	三		褐黴素			NT$90			
		前台抽屜G	三		杏化10g			NT$50			
		前台抽屜G	三		杏化30g			NT$55			
		前台抽屜G	三		美康10g			NT$60			
		前台抽屜G	三		美康20g			NT$100			
		前台抽屜H	二		氧化鋅			NT$70			
		前台抽屜H	二		沙龍			NT$25			
		前台抽屜H	二		可舒炎5ml			NT$35			
		前台抽屜H	二		可舒炎10ml			NT$50			
		前台抽屜H	二		麥敏5ml			NT$35			
		前台抽屜H	二		麥敏10ml			NT$50			
		前台抽屜H	二		倍達舒(清涼)			NT$30			
		前台抽屜H	二		倍達舒(非清涼)			NT$30			
		前台抽屜H	二		艾克樂芙			NT$75			
		前台抽屜H	二		海滴			NT$30			
		前台抽屜H	二		維他命A			NT$30			
		前台抽屜H	二		寧康			NT$60			
		前台抽屜H	二		紅力素			NT$30			
		前台抽屜H	二		樂淨			NT$30			
		前台抽屜H	三		皮大夫			NT$80			
AC43862100	46	桌上藥藍		Cofarin	可化凝錠1mg	Warfarin 1mg	政德	$50/排	抗凝血		TRUE
AC413161G0	47	桌上藥藍		COLCHICINE	驅風錠0.5mg	COLCHICINE 0.5 MG	信東	$20/排	痛風		
AC43317100	48	桌上藥藍		Conmy	服脈2mg	TERAZOSIN 2mg	信東	$20/排	前列腺肥大		TRUE
AC133811G0	49	桌上藥藍		Cortisone	乙酸可體松錠	Cortisone 25mg	柏理	$30/排	消炎	FALSE	
AC059541G0	50	桌上藥藍		COSPANON 	可使保朗膠囊40mg	FLOPROPIONE	衛采	$25/排	膽解石	TRUE	
AC343231G0	51	桌上藥藍		Cowemin	可胃明錠 300mg	Cimetidine 300mg	井田	$30/排	胃潰瘍	FALSE	TRUE
AC44371100		無庫存		Amopine	脈樂平5mg	Amoldipine 5MG	信東	$20/排	高血壓		FALSE
AC491141G0	52	桌上藥藍		Daycose MR	簡醣 持續性 30mg	Gliclazide 30mg	衛達	$15/排	糖尿病	FALSE	
AC45646100	53	桌上藥藍		Deglu	抵克醣錠50mg	Acabose 50mg	美時	$20/排	糖尿病		TRUE
AB42908100	54	桌上藥藍		Diamin 	代蜜錠 80mg	Gliclazide 80mg	信東	$20/排	糖尿病		TRUE
AC46351100	55	桌上藥藍		Dimotil	立消樂錠 5mg/212.5mg	METOCLOPRAMIDE/PANCREATIN	明德	$40/排	消化異常		TRUE
AC419521G0		健A區		Bao-Gan	保肝勇膠囊150mg	Silymarin 150mg	成大	$20/排	護肝		FALSE
AC136341G0	56	桌上藥藍		Dipyridamole	待匹力達25mg	Dipyridamole 25mg	生達	$20/排	狹心症		TRUE
AC452471G0	57	桌上藥藍		Dobecon	肚比康 100mg	Mebeverine 100mg	永信	$30/排	消化異常		TRUE
AC39431100	58	桌上藥藍		Dopadine	多巴定膜衣錠100mg	Amantadine 100mg	瑞士	$60/排	帕金森氏症		TRUE
AC44853100	59	桌上藥藍		Dophilin 	道福寧錠 2mg	Doxazosin 2mg	信東		高血壓		TRUE
AC476481G0	60	桌上藥藍		Dosin	道喜錠 10mg	Domperidone 10mg	信東	$10/排	止吐	FALSE	
AC57944100	61	桌上藥藍		DOWN LIP-U 	脂利降錠160mg					FALSE	
AC042761G0	62	桌上藥藍		Eazide	壓宜寧錠2mg	Trichlormethiazide 2mg	瑞士	$20/排	高血壓	FALSE	
AC50083100		健A區		Calm-EZ	康緒舒 25mg	Quetiapine 25mg	瑞士	$40/排	思覺思條		FALSE
AC58391100	63	桌上藥藍		Ecoxia	易克適膜衣錠60mg	Etoricoxib 60mg	瑞安	$120/排	關節炎		TRUE
AC26105100	64	桌上藥藍		Elistin	益利循錠 1.5mg	Elistin 1.5mg	生達	$30/排	循環		TRUE
AB48506100	65	桌上藥藍		Epram	抑鬱10mg	Escitalopram 10mg	健亞	$150/排	抗憂鬱劑		TRUE
AC571721G0	66	桌上藥藍		Eutomin	優糖平錠 850mg	Metformin 850mg	優良	$25/排	糖尿病		TRUE
BC26552100	67	桌上藥藍		Ezetimibe	脂易穩錠 10mg	EZETIMIBE 10mg	諾華	$　　/盒	高血脂		TRUE
AC59185100	68	桌上藥藍		Febuton	達理痛膜衣錠80mg	Febuxostat 80mg	生達	$260/排	痛風		TRUE
AB45392100	69	桌上藥藍		FELPIN 	菲可平持續釋放膜衣錠5mg						
BC23215100		健B區		FENOGAL	芬諾克膠囊200mg	FENOFIBRATE200mg	天義	$　　/排	高血脂		TRUE
AC42619100	71	桌上藥藍		Fenolip	祛脂微粒膠囊200mg	Fenofibrate 200mg	正和	$70/排	高血脂		TRUE
AB47228100	72	桌上藥藍		Fenolip-U	祛脂優160mg	Fenofibrate 160mg	正和	$60/排	高血脂		TRUE
AC58113100	73	桌上藥藍		Ferrin	鐵達血膠囊 	B12/FolicAcid/Iron	元宙	$80/排	貧血		TRUE
NC01822100	74	桌上藥藍		Ferrous Gluco-B	維他葡萄糖鐵	Ferrous Glucomate 300mg	強生	$30/排	貧血		TRUE
AC58755100	75	桌上藥藍		Flexer ER	服樂適持續膜衣錠15mg	CYCLOBENZAPRINE15mg	健喬	$90/排	痙攣		TRUE
AC46028100	76	桌上藥藍		Fluitran	服爾伊得安錠2mg	Trichlormethiazide 2mg	鹽野義	$25/排	利尿降壓劑	TRUE	
AC239181G0	77	桌上藥藍		Fluzine	服腦清錠5mg	Flumarizine 5mg	生達	$25/排	噁心 暈眩		TRUE
AC346701G0	78	桌上藥藍		Folacin FCT	葉酸膜衣錠5mg	FolicAcid 5mg	強生	$20/排	貧血		TRUE
AC075431G0	79	桌上藥藍		Folic Acid	榮民葉酸錠5mg	FolicAcid 5mg	榮民	$20/排	貧血		TRUE
AC48602100		健A區		Diazone	糖立敏錠 15mg	Pioglitazone 15mg	正和	$100/排	糖尿病		FALSE
AC48855100		健A區		Dibose	克血糖100mg	Acabose 100mg	元宙	$65/排	糖尿病		FALSE
AC558881G0	80	桌上藥藍		Folic acid	葉酸5mg	FolicAcid 5mg	應元	$25/排	貧血		TRUE
BC22097100	81	桌上藥藍		FOLIROMIN	服樂明膜衣錠５０mg	SODIUM FERROUS CITRATE 470.9mg	光亨	$35/排	貧血		TRUE
NC01752100	82	桌上藥藍		Fronil SCT	福樂你25mg	Imipramine 25mg	強生	$20/排	夜尿		TRUE
AC265261G0		無庫存		Dogmatyl	脫蒙治膜衣錠50mg	Sulpride 50mg	賽諾菲	$30/排	精神病/潰瘍		FALSE
AB453631G0	83	桌上藥藍		Furide	舒利諾40mg	Furosemide	生達	$20/排	利尿		TRUE
AC37685100	84	桌上藥藍		GEMD	脂福膜衣錠６００mg	GEMFIBROZIL 600mg	永信	$40/排	高血脂		TRUE
AC467661G0	85	桌上藥藍		Glimaryl	革理蔓 2mg	Glimepiride 2mg	信東	$25/排	糖尿病		TRUE
AC578451G0	86	桌上藥藍		Glimepine	胰美平 2mg	Glimepiride 2mg	新瑞	$20/排	糖尿病	FALSE	
AC57921100	87	桌上藥藍		Glipizide 	泌得贊 5mg	Glimepiride 5mg	中化	$15/排	糖尿病	FALSE	TRUE
AC436641G0		內H區		Espin	安心平腸溶微粒膠囊100mg	Aspirine 100mg	惠勝	$35/排	抗凝血		FALSE
AA49930100	88	桌上藥藍		Glitis	泌特穩錠30mg	PIOGLITAZONE	中化	$90/盒	糖尿病	FALSE	
AC439271G0	89	桌上藥藍		Gouless	優諾50mg	Benzbromarone 50mg	生達	$20/排	痛風		TRUE
BC24403100	90	桌上藥藍		Harnalidge D tablets 	活路利淨D 口溶錠0.2mg	Tamsulosin 0.2mg	安斯泰來	$85/排	前列腺肥大		TRUE
AC44203100	91	桌上藥藍		Havina	伴樂娜膜衣錠 1/0.5mg	Estradiol /Norethindrone	健喬	$120/排	避孕	TRUE	
AC476871G0	92	桌上藥藍		Henformin	漢伏醣膜衣錠850mg	Metformin 850mg	旭能	$25/排	糖尿病		TRUE
AC49514100	93	桌上藥藍		Ibimo	愛彼脈 60mg	Isosorbide 60mg	十全	$30/排	狹心症		TRUE
AC187191G0	94	桌上藥藍		IMIMINE	益伊神糖衣錠25mg	IMIPRAMINE 25mg	榮民	$　　/排	憂鬱症夜尿		TRUE
AC221231G0	95	桌上藥藍		Imolex	依莫瀉 2mg	Loperamide 2mg	杏輝		止瀉		TRUE
BC09147100	96	桌上藥藍		Imuran	移護寧50mg	Azathioprine	安沛	$18/粒	紅斑性狼瘡		TRUE
AC473721G0	97	桌上藥藍		Indap	迅順1.5mg	Indapamide 1.5mg	生達	$20/排	高血壓		TRUE
AB57204100	98	桌上藥藍		IRBETAN	爾壓順膜衣錠300mg	IRBESARTAN	健喬信元	$85/排	高血壓		TRUE
AC274381G0	99	桌上藥藍		Isobide	易適倍10mg	Isosorbide 10mg	衛達	$20/排	狹心症		TRUE
BC20509100	100	桌上藥藍		LAMICTAL	樂命達錠 50mg	LAMOTRIGINE 50mg	葛蘭素	$　　/盒	癲癇		FALSE
BC20510100	101	桌上藥藍		LAMICTAL	樂命達錠 100mg	LAMOTRIGINE 100mg	葛蘭素	$　　/盒	癲癇		FALSE
BC22535100	102	桌上藥藍		LASIX	來適泄錠40mg	FUROSEMIDE40mg	賽諾菲	$35/排	利尿		FALSE
BC26668100	103	桌上藥藍		Latuda	樂途達錠40mg	LURASIDONE	台灣住友	$1600/盒	思覺失調		FALSE
AC55540100	104	桌上藥藍		Lesyn	樂壓定 6mg	Lacidipine 6mg	健喬信元	$95/排	高血壓		FALSE
BA26206100	105	桌上藥藍		Letrozole	利妥柔"艾威群"FCT-2.5mg	LETROZOLE 2.5mg	美時	$500/排	乳癌		FALSE
AC042211G0	106	桌上藥藍		Lika	利甲錠 5mg	Methimazole 5mg	瑞士	$15/排	甲亢	FALSE	
AB412331G0		無庫存		Glubin	利糖平 500mg	Metformin 500mg	瑞安	$20/排	糖尿病		FALSE
AC346211G0		無庫存		Glutrol	利糖妥5mg	Glipizide 5mg	瑞安	$20/排	糖尿病		FALSE
AB33091100		健B區		Licodin	利血達 250mg	Ticlopidine 250mg	東生華	$50/排	抗凝血		FALSE
AC57216100	107	桌上藥藍		Linicor	理脂 500/20mg	Lovastatin/Niacin	東生華	$150/排	高血脂		FALSE
AB41332100	108	桌上藥藍		LIPDOWN	脂佳膠囊300mg	GEMFIBROZIL 300mg	生達	$35/排	高血脂		FALSE
AC59393100	109	健B區		Lodiglit	雙革醣膜衣錠15/850mg	Metformin/Pioglitazone	生達	$95/排	糖尿病		FALSE
AC44731100	110	桌上藥藍		LONGCARDIO	慢又低錠25mg	CARVEDILOL 25mg	永福	$50/排	高血壓		FALSE
AC548631G0	111	桌上藥藍		Lopirin	諾比林81mg	Aspirine 81mg	舜興	$20/排	抗凝血	TRUE	
AB46315100	112	桌上藥藍		LOSART	暢壓膜衣錠50mg	LOSARTAN POTASSIUM 50mg	生達	$70/排	高血壓		FALSE
AB50240100	113	桌上藥藍		Lowten	絡舒坦 50mg	Losartan 50mg	瑞士	$35/排	高血壓	TRUE	
AC01154100		無庫存		INDOY CAPSULES	炎達益膠囊 25mg	INDOMETHACIN 25mg	生達	$20/排	消炎		FALSE
AC59407100		無庫存		Irbest 	怡舒壓 300mg	Irbesartan 300mg	優生	$20/排	高血壓		FALSE
AC463861G0	114	桌上藥藍		Loxol SR	樂咳痰舒75mg	Ambroxol SR 75mg	健亞	$40/排	祛痰		FALSE
AC455521G0	115	桌上藥藍		Medrone	美得能 5mg	Medroxyprogesterone 5mg	優良化學	$30/排	賀爾蒙	TRUE	
AC43632100	116	桌上藥藍		MELETIN	脈律循膠囊100mg	MEXILETINE HCL	信東	$35/排	高血壓		FALSE
AC293561G0	117	桌上藥藍		MERISLON	敏使朗錠12mg	BETAHISTINE 12mg	衛采	$25/排	暈眩		FALSE
AC50182100	118	桌上藥藍		METHIMAZOLE	甲硫嗎唑錠５mg	Methimazole 5mg	強生	$25/排	甲狀腺		FALSE
BC22726100	119	桌上藥藍		METHOTREXATE	滅殺除炎錠2.5mg	METHOTREXATE2.5mg	輝瑞	$　　/排	抗風濕		FALSE
AB43852100	120	桌上藥藍		Mikelan	美特郎5mg	Carteolol 5mg	大塚	$35/排	高血壓	FALSE	
AC45334100		無庫存		Midorine	邁妥林2.5mg	Midodrine 2.5mg	培力	$40/排	低血壓	TRUE	
AA56761100	121	桌上藥藍		Mirtazapine	彌鬱停膜衣錠30mg	MIRTAZAPINE 30mg	中化裕民	$100/盒	焦慮		
AC45020100	122	桌上藥藍		MUSGUD	瑪舒可錠10mg	CYCLOBENZAPRINE 10mg	美時	$35/排	痙攣		
AC306291G0	123	桌上藥藍		Nakasser 	能得爽錠 30mg	Diltiazem	南光	$15/排	高血壓	FALSE	
AC274391G0	124	桌上藥藍		NEDIPIN	乃得平膠囊10mg	NIFEDIPINE100mg	衛達化學	$30/排	高血壓	FALSE	
AC32619100	125	桌上藥藍		NIDOLIUM	吐寧錠 10mg	DOMPERIDONE 10mg	杏輝	$15/排	止吐		
AB48991100	126	桌上藥藍		NIRANDIL	利可心錠 5mg	NICORANDIL 5mg	生達	$50/排	狹心症		
AB57234100	127	桌上藥藍		OLSAA	優穩壓20mg	OLMESARTAN MEDOXOMIL	中國化學	$　　/排	高血壓	FALSE	
AB41535100	128	桌上藥藍		PENTOP	循妥斯持續性錠 400mg	PENTOXIFYLLINE 400mg	優生	$35/排	循環		
AB28921100	129	桌上藥藍		PICETAM	必舒坦膠囊400mg	PIRACETAM400mg	生達	$25/排	循環		
AC047371G0	130	桌上藥藍		Pilian	佩你安錠 4mg	Cyproheptadine 4mg	永信	$25/排	過敏性鼻炎	TRUE	
AC58633100	131	桌上藥藍		PITARTY	力脂替膜衣錠4mg	PITAVASTATIN4mg	中國化學	$　　/排	高血脂		
AC59398100	132	桌上藥藍		Pivas FC	必脂舒 2mg	Pivastatin 2mg	健喬信元	$210/排	高血脂	TRUE	
AC46759100		健A區		MOCALM	永康緒膜衣錠 0.5mg	FLUPENTIXOL/MELITRACEN 0.5/10	瑞士	$25/排	焦慮		
AB44124100	133	桌上藥藍		PLETAAL	大塚普達錠100mg	CILOSTAZOL100mg	臺灣大塚	$180/盒	循環		
AB44136100	134	桌上藥藍		PLETAAL	大塚普達錠50mg	CILOSTAZOL 50mg	臺灣大塚	$90/盒	循環		
AC43335100	135	桌上藥藍		POLUPI	僕樂彼 50mg	PROPYLTHIOURACIL 50mg	汎生	$30/排	甲亢		
NB00711100	136	桌上藥藍		PREDONINE	普力多寧錠 5mg	PREDNISOLONE 5mg	鹽野義	$30/排	消炎		
AC36794100	137	桌上藥藍		PROCAL	普羅鈣錠 667mg	CALCIUM ACETATE 667mg	培力	$30/排	高磷酸鹽血症		
BC20198100	138	桌上藥藍		PROSCAR	波斯卡 5mg	FINASTERIDE 5mg	默沙東	$　　/排	攝護腺肥大		
AC49741100	139	桌上藥藍		QUEROPIN	躁易平 200mg	QUETIAPINE 200mg	永信	$　　/排	躁鬱		
AC55245100	140	桌上藥藍		QUETIA	潰停亞 200mg	QUETIAPINE 200mg	五洲	$　　/排	躁鬱		
AC29037100	141	桌上藥藍		RELAX	如來舒膠囊 350/175	ACETAMINOPHEN/CARISOPRODOL	回春堂	$　　/排	止痛消炎		
AC49061100	142	桌上藥藍		RELINIDE	醣立定錠	REPAGLINIDE	生達	$　　/排	糖尿病		
AC50210100	143	桌上藥藍		RHYNORM	律諾膜衣錠 150mg	PROPAFENONE 150mg	東生華	$180/排	心律不整		
AC52537100	144	桌上藥藍		Rizatan	羅莎疼錠5mg	RIZATRIPTAN 5mg	保瑞聯邦	$65/粒	偏頭痛		
AC22641100	145	桌上藥藍		ROSIS	樂泄錠 40mg	FUROSEMIDE 40mg	榮民	$15/排	利尿		
AC31481100	146	桌上藥藍		SILIRIN	希利林膠囊 150mg	SILYMARIN 150mg	井田	$30/排	護肝		
BC19626100	147	桌上藥藍		SIRDALUD	鬆得樂 2mg	TIZANIDINE 2mg	諾華	$　　/排			
BC23492100	148	桌上藥藍		SOLIAN	首利安錠 200mg	AMISULPRIDE 200mg	賽諾菲	$　　/排	思覺失調		
AC229081G0	149	桌上藥藍		Spironolactone	使排通錠25mg	Spironolactone 25mg	十全	$20/排	利尿劑	TRUE	
AC305261G0	150	桌上藥藍		Spironolactone	歐得通25mg	Spironolactone 25mg	皇佳	$20/排	利尿劑		
BA25798100		無庫存		Robestar	魯士定膜衣錠10mg	ROSUVASTATIN	諾華	$　　/排	高血脂		
AC185691G0	151	桌上藥藍		Spirotone	蘇拉通25mg	Spironolactone 25mg	榮民	$20/排	利尿劑	TRUE	
AC31540100	152	桌上藥藍		Stable	血得平錠10mg	HYDRALAZINE 10mg	榮民	$　　/排	高血壓		
AC05811100	153	桌上藥藍		Strocain	息痛佳音錠 5/244mg	OXETHAZAINE/POLYMIGEL	衛采	$20/排	胃痛		
AC44114100	154	桌上藥藍		SUFLEX	速得舒錠 200mg	MEPHENOXALONE 200mg	永信	$20/排	肌肉鬆弛		
AC42946100	155	桌上藥藍		SULMATYL	思邁蒂 50mg	SULPIRIDE 50mg	培力	$25/排	胃潰瘍		
AC28078100	156	桌上藥藍		SULPIN	舒復寧膜衣錠 200mg	SULPIRIDE 200mg	信東	$20/排	胃潰瘍		
AC365061G0	157	桌上藥藍		Sunpylon	舒必朗錠 50mg	Sulpride	盛雲	$20/排	胃潰瘍	FALSE	
AC395971G0	158	桌上藥藍		Switane	瑞丹2mg	TRIHEXYPHENIDYL 2mg	瑞士	$20/排	帕金森氏症		
AC452541G0	159	桌上藥藍		Synbot	欣保錠5mg	ENALAPRIL 5mg	健喬	$20/排	高血壓		
AC56720100	160	桌上藥藍		Synpid	脂淨膜衣錠160mg	FENOFIBRATE 160mg	健喬	$50/排	高血脂		
AC58548100	161	桌上藥藍		TAMLOSIN D	暢利淨D口溶錠0.2mg	Tamsulosin 0.2mg	生達	$90/排	攝護腺肥大		
AB57206100	162	桌上藥藍		Tamsulosin S.R. C	速流通 0.2mg	Tamsulosin 0.2mg	中化	$60/排	攝護腺肥大	TRUE	
AC44547100	163	桌上藥藍		Telowsin	脈降錠2mg	TERAZOSIN 2mg	永信	$30/排	高血壓		
AC55408100	164	桌上藥藍		Terodine	特洛定膜衣錠2mg	Tolterodine 2mg	萬海	$65/排	尿失禁		
AC44689100	165	桌上藥藍		Thoin SRM	喘克緩釋微粒膠囊250mg	THEOPHYLLINE 250mg	永勝	$30/排	氣喘		
AC449241G0	166	桌上藥藍		Thoin SRM	喘克緩釋微粒膠囊125mg	THEOPHYLLINE 125mg	永勝	$25/排	氣喘		
AC480871G0	167	桌上藥藍		Tone F.C.	靜安10mg	Imipramine	明德	$30/排	調節情緒	TRUE	
BC24857109	168	桌上藥藍		Ulban A Gran.	胃樂伴 顆粒						
AC50008100		無庫存		Uracare	友樂可10mg	TROSPIUM 10mg	天義	$60/排	平滑肌痙攣		
AC010471G0	169	桌上藥藍		Uretropic	通舒錠40mg	FUROSEMIDE 40mg	杏林新生	$20/排	利尿		
AC58393100	170	桌上藥藍		Urief	優列扶膜衣錠8mg	Silodosin 8mg	健喬	$190/排	前列腺肥大	TRUE	
AB49342100	171	桌上藥藍		URNAL	優那0.2mg	Tamsulosin 0.2mg	貽丹	$70/排	攝護腺肥大		
AB29478100	172	桌上藥藍		UROSIN	優心 100mg	ATENOLOL 100mg	永信	$25/排	高血壓		
AC474441G0	173	桌上藥藍		Uroso	利膽能100mg強生	URSODEOXYCHOLIC	強生	$30/排	膽結石		
AC45700100	174	桌上藥藍		UROTROL	優合膜衣錠15mg	PROPIVERINE 15mg	健亞	$　　/排	尿失禁		
AC29617100	175	桌上藥藍		UROXATE	益樂尿錠200mg	FLAVOXATE200mg	衛達	$　　/排	尿道痙攣		
AC440141G0	176	桌上藥藍		Userm	悠縮莫100mg	TOLPERISONE 100mg	順華	$20/排	疼痛性肌痙攣		
AC49574100	177	桌上藥藍		Utapine	優達平膜衣錠25mg	QUETIAPINE25mg	聯邦化學	$154/排	精神分裂症		
AC48467100	178	桌上藥藍		Utapine F.C. Tablet 200mg	優達平膜衣錠200毫克						
AC372251G0	179	桌上藥藍		WECOLI 	胃可麗錠 25mg	BETHANECHOL 25mg	應元	$30/排	尿儲留		
AC296301G0		無庫存	一	METHYCOBAL	彌可保膠囊500微公克						
BC26097100		健A區	二	Coralan	康立來5mg	Ivabradine hydrochloride	施維雅	$1600/盒			
BC14822100		健A區	二	Cordarone	臟得樂錠200mg	AMIODARONE HCL 200 MG	賽諾菲	$200/盒			
AC49018100		健A區	二	COXINE	冠欣持續性藥效膜衣錠 60 mg	ISOSORBIDE 5-MONONITRTATE 60 MG					
BC21914100		健A區	二	Cozaar	可悅您膜衣錠50mg	LOSARTAN POTASSIUM 50 MG	默沙東	$160/盒			
BC23655100		健A區	二	Cozaar	可悅您膜衣錠100mg	LOSARTAN POTASSIUM 100 MG	默沙東	$230/盒			
BC24131100		健A區	二	Crestor	冠脂妥膜衣錠10mg	ROSUVASTATIN CALCIUM 10 MG	AZ	$450/盒			
BC24597100		健A區	二	CRESTOR 5MG	冠脂妥膜衣錠5毫克	ROSUVASTATIN CALCIUM 5 MG					
BC24240100		健A區	二	Cymbalta	千憂解膠囊30mg	DULOXETINE( HYDROCHLORIDE) 30 MG	禮來	$620/盒			
BC25877100		健A區	二	Dafiro	道脈樂5/160mg	VALSARTAN 160 MG/AMLODIPINE BESYLATE 5 MG					
BC25913100		健A區	二	Dafiro	道脈樂5/80mg	VALSARTAN 160 MG/AMLODIPINE BESYLATE 5 MG					
BC22008100		健A區	二	Depakine	帝拔癲持續錠500mg	VALPROATE SODIUM 333 MG/VALPROIC ACID 145 MG	賽諾菲	$220/瓶			
BC23568100		健A區	二	DETRUSITOL	得舒妥4mg	TOLTERODINE L-TARTRATE 4 MG					
BB25266100		健A區	二	Diamicron MR	岱蜜克龍持續錠60mg	GLICLAZIDE 60 MG	施維雅	$250/盒			
BC235031G0		健A區	二	Diamicron MR	岱蜜克龍持續錠30mg	GLICLAZIDE 30 MG	施維雅	$140/盒			
BC20452100		健A區	二	Dilatrend	達利全錠25mg	CARVEDILOL 25 MG	羅氏	$40/排			
BC22071100		健A區	二	Dilatrend	達利全錠6.25mg	CARVEDILOL 6.25 MG	羅氏	$35/排			
BC23373100		健A區	二	Diovan	得安穩膜衣錠80mg	VALSARTAN 80 MG	諾華	$170/盒			
BC23374100		健A區	二	Diovan	得安穩膜衣錠160mg	VALSARTAN 160 MG	諾華	$250/盒			
AA49543100		健A區	三	Atorin	降脂妥10mg	ATORVASTATIN (CALCIUM) 10 MG	健亞	$45/排			
BC27283100		健A區	三	ATOZET F.C.	優泰脂膜衣錠10/20 mg	ATORVASTATIN CALCIUM 20 MG/EZETIMIBE 10 MG					
BC20174100		健A區	三	Betaloc	舒壓寧控釋錠100mg	METOPROLOL 95 MG	AZ	$750/盒			
BC23799100		健A區	三	Betaloc	舒壓寧控釋錠25mg	METOPROLOL SUCCINATE 23.75 MG	AZ	$100/盒			
BC23128100		健A區	三	Blopress	博脈舒錠8mg	CANDESARTAN CILEXETIL 8 MG	武田	$230/盒			
BC24592100		健A區	三	Blopress	博脈舒加強錠16/12.5mg	CANDESARTAN CILEXETIL 16/MGHYDROCHLOROTHIAZIDE 12.5 MG	武田	$320/盒			
BC25691100		健A區	三	BRILINTA	百無凝膜衣錠 90 mg	TICAGRELOR 90 MG					
BC24392100		健A區	三	Caduet	脂脈優5mg/20mg	AMLODIPINE BESYLATE 5/ MGATORVASTATIN CALCIUM 20 MG	輝瑞	$480/盒			
BC19885100		健A區	三	Cardizem	凱帝心徐放錠90mg	DILTIAZEM (HCL) 90 MG	台田	$8/粒			
AA49344100		健A區	三	CARVETONE	固栓宜膜衣錠 75 毫克	CLOPIDOGREL 75 MG					
BC23177100		健A區	三	Celebrex	希樂葆膠囊200mg	CELECOXIB 200 MG	輝瑞	$150/盒			
BC25114100		健A區	三	Clopidogrel Sandoz	舒栓寧75mg	CLOPIDOGREL 75 MG	諾華	$930/盒			
BC18542100		健A區	三	Clozaril	可致律100mg	CLOZAPINE 100 MG	邁蘭	$350/盒			
BC23109100		健A區	三	Co-Diovan	可得安穩80/12.5mg	VALSARTAN 80 / MGHYDROCHLOROTHIAZIDE 12.5 MG	諾華	$170/盒			
BC23220100		健A區	三	CO-DIOVAN 160/12.5	可得安穩160/12.5mg	VALSARTAN 160 MG/HYDROCHLOROTHIAZIDE 12.5 MG					
BC23266100		健A區	三	COAPROVEL	可普諾維膜衣錠150mg/12.5mg	IRBESARTAN 150  MG/ HYDROCHLOROTHIAZIDE 12.5 MG					
BC23267100		健A區	三	COAPROVEL	可普諾維膜衣錠300mg/12.5mg	IRBESARTAN 300  MG/HYDROCHLOROTHIAZIDE 12.5 MG					
BC171251G0		健A區	三	CONCOR	康肯５mg	BISOPROLOL FUMARATE 5 MG					
BC24039100		健A區	三	Concor	康肯1.25mg	BISOPROLOL FUMARATE 1.25 MG	台田	$90/盒			
A001713100		健A區	五	Enzyme	複方酵素錠10mg	AMYLASE ALPHA- 10 / MGDIASTASE BIO- 5 MG	回春堂	$50/排			
BC24725100		健A區	四	ACERTIL FILM-COATED	雅施達 膜衣錠 5mg	PERINDOPRIL ARGININE 5 MG					
BC25046100		健A區	四	ACERTIL PLUS	雅施達 加強錠 5 mg/1.25 mg	INDAPAMIDE 1.25 MG/ PERINDOPRIL ARGININE 5 MG					
AB45993100		健A區	四	ACTEIN EFFERVESCENT TABLETS 600MG	愛克痰發泡錠600毫克	ACETYLCYSTEINE 600 MG					
BC23206100		健A區	四	ACTOS	愛妥糖錠30mg	PIOGLITAZONE 30 MG					
BC24839100		健A區	四	ACTOSMET	愛妥蜜 15/850mg膜衣錠	METFORMIN HCL 850 MG/PIOGLITAZONE 15 MG					
AB58075100		健A區	四	Adapine S.R.F.C	壓悅達30mg	NIFEDIPINE 30 MG	生達	$70/排			
AC59251100		健A區	四	Agitin	愛脂婷錠10/20mg	EZETIMIBE 10 MG / SIMVASTATIN 20 MG	瑩碩	$400/盒			
BC22610100		健A區	四	ALDACTONE	安達通錠25mg	SPIRONOLACTONE 25 MG					
A031800100		健A區	四	ALGITAB	艾胃逆服咀嚼錠	ALGINIC ACID 0.2 GM/ALUMINUM HYDROXIDE DRIED GEL 0.03 GM/MAGNESIUM CARBONATE LIGHT 0.04 GM					
BC226711G0		健A區	四	Amaryl	瑪爾胰錠2mg	GLIMEPIRIDE 2 MG	賽諾菲	$80/盒			
BA24876100		健A區	四	Amaryl M	美爾胰膜衣錠2/500mg	GLIMEPIRIDE 2 MG / METFORMIN HCL 500 MG	賽諾菲	$120/盒			
AB28041100		健A區	四	Amiorone	艾歐隆錠200mg	AMIODARONE HCL 200 MG					
AC49226100		健A區	四	ANXOLIGHTOR	善脂瑩膜衣錠 20 mg	ATORVASTATIN (CALCIUM) 20 MG					
AC48879100		健A區	四	Anxolipo	凡脂妥膜衣錠10mg	ATORVASTATIN (CALCIUM) 10 MG	瑩碩	$160/盒			
BC25034100		健A區	四	APO-CLOPIDOGREL	安保通安膜衣錠 75 mg	CLOPIDOGREL 75 MG					
BC25653100		健A區	四	Apo-Quetiapine	安寶思樂錠100mg	QUETIAPINE FUMARATE 100 MG	鴻汶	$6/粒			
BC22551100		健A區	四	APROVEL	安普諾維膜衣錠150mg	IRBESARTAN 150 MG					
BC22843100		健A區	四	APROVEL300mg	安普諾維膜衣錠300mg	IRBESARTAN 300 MG					
BC23983100		健A區	四	Arcoxia	萬克適錠60mg	ETORICOXIB 60 MG	默沙東	$300/盒			
BC19953100		健B區	二	ISOPTIN	心舒平持續性膜衣錠240mg	VERAPAMIL HCL 240 MG					
AC31168100		健B區	二	ISORMOL	愛速脈錠20mg	ISOSORBIDE 5-MONONITRTATE 20 MG					
BC25041100		健B區	二	JANUMET	捷糖穩 50/500 mg	SITAGLIPTIN PHOSPHATE(AS MONOHYDRATE PHOSPHATE SALT) 50 MGMETFORMIN HCL 850 MG					
BC25043100		健B區	二	JANUMET	捷糖穩 50/500 mg	SITAGLIPTIN PHOSPHATE(AS MONOHYDRATE PHOSPHATE SALT) 50 MGMETFORMIN HCL 500 MG					
BC24668100		健B區	二	JANUVIA	佳糖維100 mg	SITAGLIPTIN (AS MONOHYDRATE PHOSPHATE SALT) 100 MG					
BC26405100		健B區	二	Jardiance	恩排糖膜衣錠25mg	Empagliflozin 25 MG					
BC26406100		健B區	二	Jardiance	恩排糖膜衣錠10mg	Empagliflozin 10 MG					
BC27039100		健B區	二	Jardiance Duo	恩美糖膜衣錠12.5/850mg	Empagliflozin 12.5 MGMETFORMIN HCL 850 MG					
BC23889100		健B區	二	KEPPRA	優閒 膜衣錠500mg	LEVETIRACETAM 500 MG					
BC18273100		健B區	二	KETOSTERIL	吉多利錠	HISTIDINE L- 38 MGLYSINE L- ACETATE 105 MGTHREONINE L- 53 MGTRYPTOPHAN L- 23 MGTYROSINE L- 30 MGCALCIUM-3-METHYL-2-OXO-VALERATE 67 MG					
BC25453100		無庫存	二	KOMBIGLYZE XR	康併莎持續性藥效膜衣錠5mg/1000mg	SAXAGLIPTIN 5 MGMETFORMIN HCL 1000 MG					
AC47771100		無庫存	二	Lafuzo XL	列優治持續性藥效錠10mg	ALFUZOSIN HCL					
AA49629100		健B區	二	Leeyo	離憂膜衣錠10mg	ESCITALOPRAM (AS OXALATE) 10 MG		$100/排180/盒			
BC25090100		健B區	二	LEPAX	得緒安膜衣錠 10 mg	ESCITALOPRAM (AS OXALATE) 10 MG					
BC23556100		健B區	二	LESCOL XL	益脂可長效緩釋膜衣錠80mg	FLUVASTATIN SODIUM 80 MG					
AC48064100		健B區	二	LESYN 	樂壓定膜衣錠 4 mg	LACIDIPINE 4 MG					
BC23960100		健B區	二	LEXAPRO	立普能膜衣錠10mg	ESCITALOPRAM (AS OXALATE) 10 MG					
AB31596100		健B區	二	LICODIN	利血達100mg	TICLOPIDINE HCL 100 MG					
BC23770100		健B區	二	LIPANTHYL	弗尼利脂寧160mg	FENOFIBRATE 160 MG					
AA49920100		健D區	二	XADOSIN	薩多心持續性藥效錠 4 mg	DOXAZOSIN (MESYLATE) 4 MG					
BC26950100		健A區	三	Canaglu	可拿糖膜衣錠100mg	CANAGLIFLOZIN HYDRATE 100 MG	台田	$960/盒			
BC25391100		健A區	三	Catapres	降保適錠75ug	CLONIDINE HCL 75 MCG	百靈佳	$30/排			
AC57819100		健A區	三	Clopidogrel	可諾通"艾威群"F.C75mg	CLOPIDOGREL 75 MG	美時	$570/排			
BC26476100		健B區	三	Forxiga	福適佳膜衣錠10mg	DAPAGLIFLOZIN 10 MG	AZ	$850/盒			
BC25480100		健B區	三	Galvus Met	高糖優美50/500mg	VILDAGLIPTIN 50 MGMETFORMIN HCL 500 MG		$550/盒			
BC25481100		健B區	三	Galvus Met	高糖優美50/850mg	VILDAGLIPTIN 50 MGMETFORMIN HCL 850 MG		$550/盒			
BC25482100		健B區	三	Galvus Met	高糖優美50/1000mg	VILDAGLIPTIN 50 MGMETFORMIN HCL 1000 MG		$550/盒			
BB20786100		健B區	三	Glucobay	醣祿錠50mg	ACARBOSE 50 MG		$35/排			
BB20787100		健B區	三	Glucobay	醣祿錠100mg	ACARBOSE 100 MG		$65/排			
AC46733100		健B區	三	Glucomet	克醣美錠5/500mg	METFORMIN HCL 500 MGGLYBURIDE (=GLIBENCLAMIDE) 5 MG		$150/盒			
AA52337100		健B區	三	Glufast	快如妥錠10mg	MITIGLINIDE CALCIUM HYDRATE 10 MG		$360/盒			
AA48333100		無庫存	三	Glutazone	欣促胰錠30mg	PIOGLITAZONE 30 MG		$100/盒			
BC27073100		健B區	三	Glyxambi	糖順平膜衣錠25/5mg	Empagliflozin 25 MGLINAGLIPTIN 5 MG		$1300/盒			
BC25413100		健B區	三	HARNALIDGE OCAS	活路利淨OCAS0.4mg	TAMSULOSIN HCL 0.4 MG					
BC22959100		健B區	三	HYTRIN	定脈平錠2MG	TERAZOSIN (HCL 2H2O) 2 MG					
BC22989100		健B區	三	HYZAAR	好悅您50/12.5mg	LOSARTAN POTASSIUM 50 MGHYDROCHLOROTHIAZIDE 12.5 MG					
BC24643100		健B區	三	HYZAAR	好悅您100/12.5mg	LOSARTAN POTASSIUM 100 MGHYDROCHLOROTHIAZIDE 12.5 MG					
BC24380100		健B區	三	Imigran	英明格速溶錠50mg	SUMATRIPTAN (SUCCINATE) 50 MG					
B022143100		無庫存	三	INDERAL	恩特來錠10mg	PROPRANOLOL HCL 10 MG					
BC25897100		健B區	三	Irbesartan Sandoz	爾本沙丁膜衣錠300mg	IRBESARTAN 300 MG					
AC59040111		健B區	五	ACTEIN EFFERVESCENT GRANULES 600MG	愛克痰發泡顆粒 600毫克	ACETYLCYSTEINE 333.4 MG/GM					
BC24645100		健B區	四	Diovan	得安穩膜衣錠40mg	VALSARTAN 40 MG	諾華	$180/盒			
BC22658100		健B區	四	Dostinex	過乳降錠0.5mg	CABERGOLINE 0.5 MG	輝瑞	$1100/瓶			
BC216411G0		健A區	四	Doxaben	可迅錠2mg	DOXAZOSIN (MESYLATE) 2 MG	輝瑞	$250/盒			
BC23711100		健B區	四	Doxaben XL	可迅持續性藥效錠4mg	DOXAZOSIN (METHANESULFONATE) 4 MG	輝瑞	$350/盒			
BC25423100		健B區	四	Duodart	多適達	DUTASTERIDE 0.5 MGTAMSULOSIN 0.4 MG	GSK	$1250/瓶			
BC25756100		健B區	四	Edarbi	易得平錠40mg	AZILSARTAN MEDOXOMIL 40 MG	武田	$400/盒			
BC23571100		健B區	四	Efexor XR	速悅持續性膠囊75mg	VENLAFAXINE (HCL) 75 MG	惠氏	$400/盒			
BC24421100		健B區	四	Efexor XR	速悅持續性膠囊37.5mg	VENLAFAXINE (HCL) 37.5 MG	惠氏	$350/盒			
BC26124100		健B區	四	Eliquis	艾必克凝膜衣錠2.5mg	Apixaban 2.5 MG	輝瑞	$2000/盒			
BC26133100		健B區	四	Eliquis	艾必克凝膜衣錠5MG	Apixaban 5 MG	輝瑞	$1900/盒			
BC24708100		健B區	四	Eltroxin	昂特欣錠100mcg	LEVOTHYROXINE SODIUM 0.1 MG	安沛	$200/瓶			
BC25533100		健B區	四	Eltroxin	昂特欣錠50mcg	LEVOTHYROXINE SODIUM 0.05 MG	安沛	$200/瓶			
AC59028100		抽屜散藥	四	ENTAPON	恩克帕膜衣錠200mg	ENTACAPONE 200 MG					
BC26671100		健B區	四	Entresto	健安心膜衣錠200mg	SACUBITRIL/VALSARTAN AS SACUBITRIL VALSARTAN SODIUM SAL 200 MG	諾華	$5000/盒			
BC26672100		健B區	四	ENTRESTO	健安心100mg	SACUBITRIL/VALSARTAN AS SACUBITRIL VALSARTAN SODIUM SAL 100 MG					
AC57883100		健B區	四	Evoxac	愛我津膠囊30mg	Cevimeline HCl 30 MG					
BC24824100		健B區	四	Exforge	易安穩膜衣錠5/80mg	VALSARTAN 80 MGAMLODIPINE BESYLATE 5 MG	諾華	$300/盒			
BC25072100		健B區	四	Exforge	易安穩膜衣錠5/160mg	VALSARTAN 160 MGAMLODIPINE BESYLATE 5 MG	諾華	$500/盒			
BC25419100		健B區	四	Exforge HCT	力安穩5/160/12.5mg	VALSARTAN 160 MGAMLODIPINE BESYLATE 5 MGHYDROCHLOROTHIAZIDE 12.5 MG	諾華	$450/盒			
AC55939100		健B區	四	Exmem	拾憶膜衣錠10mg	MEMANTINE HYDROCHLORIDE 10 MG	中化	$160/盒			
BC24058100		健B區	四	Ezetrol	怡妥錠10mg	EZETIMIBE 10 MG	默沙東	$450/盒			
BC22462100		健B區	四	Femara	復乳納膜衣錠2.5mg	LETROZOLE 2.5 MG	諾華	$1400/盒			
AC49153100		健C區	二	OXBU	歐舒緩釋錠5mg	OXYBUTYNIN CHLORIDE (=OXIBUTININA HCL=OXYBUTYNIN H 5 MG					
BC18279100		健C區	二	PHYLLOCONTIN	菲康汀持續性藥效錠225mg	AMINOPHYLLINE (=COROPHYLLIN) 225 MG					
AC59192100		無庫存	二	PITANXO	庇脂清膜衣錠4mg	PITAVASTATIN CALCIUM 4 MG					
AA57372100		健C區	二	Pitator	必抑脂膜衣錠2	PITAVASTATIN CALCIUM 2 MG					
BC22376100		健C區	二	PLAQUENIL	必賴克廔膜衣錠200mg	HYDROXYCHLOROQUINE SULFATE 200 MG					
BC22932100		健C區	二	PLAVIX	保栓通75mg	CLOPIDOGREL 75 MG					
BC26453100		健C區	二	Pms-Desmopressin	沛卜淨錠0.1mg	DESMOPRESSIN ACETATE (TRIHYDRATE) 0.1 MG		$1500/瓶			
AB49454100		健C區	二	PRATIN	脂樂潔	PRAVASTATIN SODIUM 40 MG					
BC26169100		健C區	二	PRAVAFEN	普脂芬40/160	PRAVASTATIN SODIUM 40 MGFENOFIBRATE 160 MG					
BC22997100		健C區	二	Progor	保樂康緩釋膠囊180mg	DILTIAZEM (HCL) 180 MG		$300/盒			
BC23001100		健C區	二	PROGOR	保樂康緩釋膠囊120mg	DILTIAZEM (HCL) 120 MG					
BC14860100		健C區	二	PROVERA	普維拉錠５mg	MEDROXYPROGESTERONE ACETATE 5 MG					
BC27467100		健C區	二	QTERN	控糖穩膜衣錠5mg/10mg	DAPAGLIFLOZIN 10 MGSAXAGLIPTIN 5 MG					
BC27752100		健C區	二	Rasteride	理得順軟膠囊0.5mg	DUTASTERIDE 0.5 MG					
AC57130100		無庫存	二	Rotlip	洛脂平膜衣錠10mg	ROSUVASTATIN CALCIUM 10 MG		$180/盒			
AA57802100		健C區	二	ROTY	諾脂替膜衣錠10mg	ROSUVASTATIN CALCIUM 10 MG					
AA57843100		健C區	二	ROTY	諾脂替膜衣錠5mg	ROSUVASTATIN CALCIUM 5 MG					
BC23654100		無庫存	三	MICARDIS PLUS	複必康平錠40/12.5mg	TELMISARTAN 40 MGHYDROCHLOROTHIAZIDE 12.5 MG					
BC20826100		健C區	三	Minirin	MINIRIN TABLETS 0.1mg	DESMOPRESSIN ACETATE (TRIHYDRATE) 0.1 MG		$1600/盒			
BC25021100		健C區	三	Minirin	迷你寧凍晶口溶錠60ug	DESMOPRESSIN ACETATE (TRIHYDRATE) 60 MCG		$1600/盒			
BC223871G0		健C區	三	NATRILIX SR	鈉催離持續性藥效膜衣錠1.5mg	INDAPAMIDE 1.5 MG					
BC26700100		健C區	三	NEBILET	耐比洛錠5mg	NEBIVOLOL 5 MG					
BC26298100		健C區	三	NESINA	耐釋糖膜衣錠25mg	Alogliptin 25 MG					
AC40042100		健C區	三	NEUQUINON	能淤奇朗糖衣錠10mg	UBIDECARENONE 10 MG					
BC22821100		健C區	三	NEURONTIN	鎮頑癲膠囊300mg	GABAPENTIN 300 MG					
BC22822100		健C區	三	NEURONTIN	鎮頑癲膠囊400mg	GABAPENTIN 400 MG					
BC22823100		健C區	三	NEURONTIN	鎮頑癲膠囊100mg	GABAPENTIN 100 MG					
BC23221100		內E區	三	NEXIUM	耐適恩錠40MG	ESOMEPRAZOLE (MAG. TRIHYDRATE) 40 MG					
AA42704100		健C區	三	NOBAR	諾怡錠5mg	AMLODIPINE (BESYLATE) 5 MG					
AC41807100		健C區	三	NOGOUT	杏定痛錠100mg	BENZBROMARONE 100 MG					
BC22154100		健C區	三	NOLVADEX	諾瓦得士錠10mg	TAMOXIFEN (CITRATE) 10 MG					
BC21571100		健C區	三	NORVASC	脈優錠5mg	AMLODIPINE (BESYLATE) 5 MG					
BC17140100		健C區	三	OLBETAM	脂倍坦膠囊 250mg	ACIPIMOX 250 MG					
BC24497100		健C區	三	Olmetec	雅脈膜衣錠20mg	OLMESARTAN MEDOXOMIL 20 MG					
BC25005100		健C區	三	Olmetec	雅脈膜衣錠40mg	OLMESARTAN MEDOXOMIL 40 MG					
BC25221100		健C區	三	ONGLYZA	昂格莎膜衣錠5mg	SAXAGLIPTIN 5 MG					
BC25537100		健D區	三	TRAJENTA 5MG	糖漸平膜衣錠5mg	LINAGLIPTIN 5 MG					
BC25792100		健D區	三	TrajentaDuo	糖倍平膜衣錠2.5/850mg	LINAGLIPTIN 2.5 MGMETFORMIN HCL 850 MG		$900/盒			
BC23518100		健D區	三	TRITACE	心達舒錠 2.5mg	RAMIPRIL 2.5 MG					
BC23603100		健D區	三	TRITACE	心達舒錠 10mg	RAMIPRIL 10 MG					
BA25200100		健D區	三	Tulip 10mg	妥寧膜衣錠 10mg	ATORVASTATIN CALCIUM ANHYDROUS 10 MG					
BA25337100		健D區	三	Tulip 20mg	妥寧膜衣錠 20mg	ATORVASTATIN CALCIUM ANHYDROUS 20 MG					
BA25201100		健D區	三	Tulip 40mg	妥寧膜衣錠 40mg	ATORVASTATIN CALCIUM ANHYDROUS 40 MG					
BC23282100		健C區	五	MIRAPEX	樂伯克錠１mg	PRAMIPEXOLE DIHYDROCHLORIDE MONOHYDRATE 1 MG					
BC25258100		健C區	五	MIRAPEX	樂伯克錠0.375mg	PRAMIPEXOLE DIHYDROCHLORIDE MONOHYDRATE 0.375 MG					
BC25260100		健C區	五	MIRAPEX	樂伯克錠1.5mg	PRAMIPEXOLE DIHYDROCHLORIDE MONOHYDRATE 1.5 MG					
AB45412100		健C區	五	NOOPOL	腦寶膜衣錠1200mg	PIRACETAM 1200 MG					
BC25458100		健C區	五	Pradaxa	普栓達膠囊150mg	dabigatran etexilate mesilate 150 MG		$500/排			
BC25459100		健C區	五	Pradaxa	普栓達膠囊110mg	dabigatran etexilate mesilate 110 MG		$500/排			
BC22886100		健C區	四	LIPITOR	立普妥 膜衣錠10mg	ATORVASTATIN (CALCIUM) 10 MG					
BC22889100		健C區	四	LIPITOR	立普妥 膜衣錠40mg	ATORVASTATIN (CALCIUM) 40 MG					
BC22890100		健C區	四	LIPITOR	立普妥 膜衣錠20mg	ATORVASTATIN (CALCIUM) 20 MG					
BC25350100		健C區	四	LIVALO	力清之膜衣錠2mg	PITAVASTATIN CALCIUM 2 MG					
BC27002100		健C區	四	LIVALO OD	力清之口溶錠2mg	PITAVASTATIN CALCIUM 2 MG					
BC26599100		健C區	四	Lixiana	里先安膜衣錠30mg	EDOXABAN 60 MG					
BC26600100		健C區	四	Lixiana	里先安膜衣錠30mg	EDOXABAN 30 MG					
AB57103100		健B區	四	Losartan	那寶膜衣錠50mg	LOSARTAN POTASSIUM 50 MG					
BC24995100		健C區	四	Lyrica	利瑞卡膠囊 75 mg	PREGABALIN 75 MG					
BC09796100		健C區	四	MADOPAR	美道普錠200/50mg	LEVODOPA 200 MGBENSERAZIDE (HCL) 50 MG					
BC17077100		健C區	四	MADOPAR HBS	美道普持續性藥效膠囊100/25mg	LEVODOPA 100 MGBENSERAZIDE (HCL) 25 MG					
AB437001G0		健C區	四	MEPTIN-MINI	滅喘淨微錠25mg	PROCATEROL HYDROCHLORIDE HEMIHYDRATE 25 MCG					
AC336641G0		健C區	四	MESYREL	美舒鬱錠50mg	TRAZODONE HYDROCHLORIDE 50 MG					
BC23596100		健C區	四	MEVALOTIN	美百樂鎮錠40mg	PRAVASTATIN SODIUM 40 MG					
BC23161100		健C區	四	MICARDIS	必康平錠80mg	TELMISARTAN 80 MG					
BC23162100		健C區	四	MICARDIS	必康平錠40mg	TELMISARTAN 40 MG					
BC25451100		健D區	二	VALDOXAN	煩多閃膜衣錠25mg	AGOMELATINE 25 MG					
BC27086100		健D區	二	Vemlidy	韋立得膜衣錠25mg	tenofovir alafenamide 25 MG					
BC24437100		健D區	二	Vesicare	衛喜康6mg	SOLIFENACIN SUCCINATE 5 MG					
BC27029100		健D區	二	Visanne	異位寧2mg	Dienogest 2 MG					
NC033541G0		無庫存	二	VISTARIL	維泰寧膠囊25mg	HYDROXYZINE PAMOATE 25 MG					
BC24250100		健D區	二	VYTORIN	維妥力錠10/20mg	EZETIMIBE 10 MGSIMVASTATIN 20 MG					
BC25106100		健D區	二	Wellbutrin XL	威克倦持續性藥效錠150mg	BUPROPION HYDROCHLORIDE 150 MG					
BC196241G0		健D區	二	XANTHIUM	善寧持續性藥效膠囊200mg	THEOPHYLLINE (ANHYDROUS) 200 MG					
BC25129100		健D區	二	Xarelto	拜瑞妥膜衣錠10mg	RIVAROXABAN 10 MG					
BC25648100		健D區	二	Xarelto	拜瑞妥膜衣錠15mg	RIVAROXABAN 15 MG					
BC22917100		健D區	二	XATRAL XL	扎特持續性藥效錠10mg	ALFUZOSIN (HCL) 10 MG					
BC23293100		健D區	二	ZANIDIP	利壓膜衣錠10mg	LERCANIDIPINE 10 MG					
BC21780100		健D區	二	ZOLOFT	樂復得膜衣錠50mg	SERTRALINE(AS HYDROCHLORIDE) 50 MG					
AC58639100		健D區	二	ZULITOR	平脂膜衣錠4mg	PITAVASTATIN CALCIUM 4 MG					
BC22324100		健D區	二	ZYPREXA	津普速膜衣錠5mg	OLANZAPINE 5 MG					
BC21536100		健D區	三	SEROXAT	克憂果20mg	PAROXETINE HYDROCHLORIDE 20 MG					
BC20991100		健D區	三	SIGMART	喜革脈錠5mg	NICORANDIL 5 MG					
AC46681100		健D區	三	SYNTAM	欣坦膜衣錠1200mg	PIRACETAM 1200 MG					
B020548100		健D區	三	Tambocor	律博克錠100mg	FLECAINIDE ACETATE 100 MG		$700/盒			
AC58817100		健D區	三	TAMOKAS	益利舒持續性藥效膜衣錠0.4mg	TAMSULOSIN HCL 0.4 MG					
AA48730100		健D區	三	Thrombifree	健克栓膜衣錠75mg	CLOPIDOGREL 75 MG					
BC22508100		健D區	三	Topamax	妥泰膜衣錠100mg	TOPIRAMATE 100 MG		$1800/盒			
BC22509100		健D區	三	Topamax 	妥泰膜衣錠 25mg	TOPIRAMATE 25 MG		$420/盒			
BC23524100		健D區	三	TRILEPTAL	除癲達膜衣錠300mg	OXCARBAZEPINE 300 MG					
BC25446100		健D區	三	TWYNSTA	倍必康平錠80/5mg	TELMISARTAN 80 MGAMLODIPINE (BESYLATE) 5 MG					
AC42660100		健D區	五	ANBICYN	必百欣膜衣錠625mg	AMOXYCILLIN (TRIHYDRATE) 500 MGCLAVULANATE (POTASSIUM) 125 MG					
BC25159343		健D區	五	XAMIOL GEL	絲玫歐凝膠	CALCIPOTRIOL 50 MCG/GM (=U/GM)BETAMETHASONE DIPROPIONATE 500 MCG/GM (=UG/GM)					
BC27117100		健C區	五	Xigduo XR	釋多糖持續性藥效膜衣錠10/1000mg	DAPAGLIFLOZIN 10 MGMETFORMIN HCL 1000 MG					
BC19918100		健D區	四	Rytmonorm 	心利正膠囊150mg	PROPAFENONE HYDROCHLORIDE 150 MG		$150/排			
BC26869100		健D區	四	Rytmonorm SR	心利正膠囊225mg	PROPAFENONE HYDROCHLORIDE 225 MG		$150/排			
BC26870100		健D區	四	Rytmonorm SR	心利正膠囊325mg	PROPAFENONE HYDROCHLORIDE 325 MG		$150/排			
BC23548100		健D區	四	SALAGEN	舒樂津錠劑5mg	PILOCARPINE HCL 5 MG					
AB43929100		健D區	四	SALAZINE	撒樂腸溶錠500mg	SALAZINE ENTERIC COATED TABLETS 500MG (SULFASALAZINE) "S.T"					
BC14029100		健D區	四	SERMION	適脈旺糖衣錠５mg	NICERGOLINE 5 MG					
BC15290100		健D區	四	SERMION	適脈旺糖衣錠10mg	NICERGOLINE 10 MG					
BC22542100		健D區	四	SEROQUEL	思樂康膜衣錠100mg	QUETIAPINE (AS FUMARATE) 100 MG					
BC22543100		健D區	四	SEROQUEL	思樂康膜衣錠25mg	QUETIAPINE (AS FUMARATE) 25 MG					
BC22544100		健D區	四	SEROQUEL	思樂康膜衣錠200mg	QUETIAPINE (AS FUMARATE) 200 MG					
BC24887100		健D區	四	Seroquel XR	思樂康持續錠200mg	QUETIAPINE FUMARATE 230.26 MG		$60/排			
BC25001100		健D區	四	SEROQUEL XR	思樂康持續錠50mg	QUETIAPINE FUMARATE 57.56 MG					
BC25492100		健D區	四	Sevikar 20/5/12.5mg	舒脈優膜衣錠 20/5/12.5mg	OLMESARTAN MEDOXOMIL 20 MGAMLODIPINE BESYLATE 5 MGHYDROCHLOROTHIAZIDE 12.5 MG					
BC24929100		健D區	四	Sevikar 5/20mg	舒脈康膜衣錠 5/20mg	OLMESARTAN MEDOXOMIL 20 MGAMLODIPINE BESYLATE 5 MG					
BC26520100		健D區	四	Sevikar 5/40mg	舒脈康膜衣錠5/40mg	OLMESARTAN MEDOXOMIL 40 MGAMLODIPINE BESYLATE 5 MG					
BC25494100		健D區	四	Sevikar HCT 40/5/12.5mg	舒脈優膜衣錠 40/5/12.5	OLMESARTAN MEDOXOMIL 40 MGAMLODIPINE BESYLATE 5 MGHYDROCHLOROTHIAZIDE 12.5 MG					
TSS01000081R		健C區	五	ACCU-CHEK GUIDE-GLUCOSE TSET STRIP	羅氏智航血糖機組-血糖試紙						
AC30742100		瓶裝藥		Apresoline	阿普利素寧糖衣錠25mg	HYDRALAZINE HCL 25 MG	美納	$2/顆			
AC30879100		瓶裝藥		Apresoline	阿普利素寧糖衣錠10mg	HYDRALAZINE HCL 10 MG	美納	$2/顆			
AC46118100		瓶裝藥		B.H.L.	顫立靜錠2mg	TRIHEXYPHENIDYL HCL (=BENZHEXOL HYDROCHLORIDE) 2 MG	中化	$2/顆			
AC46236100		瓶裝藥		B.H.L.	顫立靜錠5mg	TRIHEXYPHENIDYL HCL (=BENZHEXOL HYDROCHLORIDE) 5 MG					
AC27940100		瓶裝藥		Beesix	維六素錠50mg	PYRIDOXINE HCL 50 MG	榮民	$3/粒			
AC37140100		瓶裝藥		Befon	倍鬆錠10mg	BACLOFEN 10 MG					
AC37141100		瓶裝藥		Befon	倍鬆錠5mg	BACLOFEN 5 MG	美時	$3/粒			
AC24053100		瓶裝藥		BLOODFULL	益血康糖衣錠						
AC28079100		瓶裝藥		BUSIX	必得寧錠1mg	BUMETANIDE 1 MG					
AC37520100		瓶裝藥		CAPHOS TABLETS 667MG	鈣臨錠667mg	CALCIUM ACETATE 667 MG					
AC33933100		瓶裝藥		Carbizo	抗泌腫錠10mg	CARBIMAZOLE 10 MG	優生	$2/粒			
AC44365100		瓶裝藥		DAMPURINE 	舒解錠 25mg	BETHANECHOL CHLORIDE 25 MG					
AC41577100		瓶裝藥		Destone	去石寧錠540mg	POTASSIUM CITRATE 540 MG	南光	$5/粒			
A027040100		瓶裝藥		Dex-CTM	特息敏錠2mg	DEXCHLORPHENIRAMINE MALEATE 2 MG	健喬	$2/粒			
AB57848100		瓶裝藥		Fluoxetine Capsules	禧濱膠囊20mg	FLUOXETINE (HCL) 20 MG					
AC44272100		瓶裝藥		FORMOROL	服莫喘錠	FORMOTEROL FUMARATE (DIHYDRATE) 40 MCG					
AC59802100		瓶裝藥		K-SUPPLY	益鉀錠595mg	POTASSIUM GLUCONATE 595 MG					
BC09554100		瓶裝藥		Lanoxin	隆我心0.25mg	DIGOXIN 0.25 MG		$3/粒			
N012916100		瓶裝藥		Meclizine	美克利靜片25mg	MECLIZINE HCL 25 MG		$1/粒			
AC58589100		瓶裝藥		MOCOLAX	肌緩痛錠	PHENPROBAMATE 400 MG					
AC26328100		瓶裝藥		Newmazole	紐甲舒錠10mg	CARBIMAZOLE 10 MG		$			
BC23572100		瓶裝藥		ORFARIN	歐服寧5mg	WARFARIN SODIUM 5 MG					
AC42272100		瓶裝藥		Rowapraxin	柔瓦拉欣膜衣錠10mg	PIPOXOLAN HCL 10 MG		$5/粒			
A043488100		瓶裝藥		SENNAPUR	清立飄	SENNOSIDE A+B(CALCIUM) 12.5 MG					
B018797100		瓶裝藥		SENOKOT	散肚祕錠	SENNOSIDE B 7.5 MG					
AC21923100		瓶裝藥		SODIUM BICARBONATE	碳酸氫鈉錠	SODIUM BICARBONATE 300 MG					
AC41673100		瓶裝藥		SULFIN	速復利錠100mg	SULFINPYRAZONE 100 MG					
A037697100		瓶裝藥		THROUGH	便通樂膜衣錠	SENNOSIDE A+B(CALCIUM) 12 MG					
AC48191100		瓶裝藥		THYROID-S	活甲錠100mg	LEVOTHYROXINE SODIUM 0.1 MG					
AC02846100		瓶裝藥		WANSE	旺血糖衣錠						
NC04385100		瓶裝藥		WINSUMIN	穩舒眠12.5mg	CHLORPROMAZINE (HCL) 12.5 MG					
NC05616100		瓶裝藥		WINSUMIN	穩舒眠25mg	CHLORPROMAZINE (HCL) 25 MG					
AC22960100		瓶裝藥		Zinga	鋅寶錠10mg	ZINC (GLUCONATE TRIHYDRATE) 10 MG		$2/粒			
AC46077100		袋袋散藥		ADARONE	艾達絡錠200mg	AMIODARONE HCL 200 MG					
BC21175100		無庫存		ALFACALCIDOL	愛康鈣軟膠囊0.5微公克						
AC57147100		袋袋散藥		ALLEDINE	敏帝膜衣錠60毫克	FEXOFENADINE HYDROCHLORIDE 60 MG					
AC29320100		袋袋散藥		AMIZIDE	安立壓錠	AMILORIDE (HCL) 5 MG /HYDROCHLOROTHIAZIDE 50 MG					
AB47532100		袋袋散藥		ANSURES	安胰敏緩釋錠	METFORMIN HCL 500 MG					
AC00178100		無庫存		APREZIN	壓平利淨錠	HYDRALAZINE HCL 10 MG					
AC50130100		袋袋散藥		ANXOTOS TABLETS 15 MG	安索糖錠 15 毫克	PIOGLITAZONE 15 MG					
AC43663100		無庫存		ASCOTYL ENTERIC	暢血脈腸溶微粒膠囊100mg						
AC45971100		袋袋散藥		ARHEUMA	雅努麻錠20mg	LEFLUNOMIDE 20 MG					
AC52530100		袋袋散藥		ATORIN F.C. 	降脂妥膜衣錠20mg	ATORVASTATIN (CALCIUM) 20 MG					
AC55268100		袋袋散藥		ATORVA FILM-COATED	立舒脂膜衣錠  40mg	ATORVASTATIN (CALCIUM) 40 MG					
AB31138100		袋袋散藥		BEFAT	必克脂膜衣錠200公絲						
AC10917100		袋袋散藥		BEHYD	泌排特錠						
34537		無庫存		CaCO3	碳酸鈣 500mg						
AC40174100		袋袋散藥		BENZRO 	袪酸利膠囊100mg						
AC49653100		袋袋散藥		CALM-EZ F.C. 	康緒舒膜衣錠100mg						
AB47984100		無庫存		CARLIPIN	糖利平錠50mg						
AC48168100		袋袋散藥		CARDIOL	心通寧錠6.25mg						
AC59395100		抽屜散藥		CO-AMNDILINE	可得寧膜衣錠5/10毫克						
AC42621100		袋袋散藥		CLOPINE	克慮平錠25mg						
AC56633100		袋袋散藥		CONIEL F.C.	康你爾膜衣錠4mg						
AC33675100		袋袋散藥		DECLOT	敵血栓膜衣錠100mg						
AC51197100		袋袋散藥		DESORA	治敏樂膜衣錠 5 毫克						
AC44781100		袋袋散藥		DETOSIV	抵克特喜						
AC44295100		無庫存		EDIOL F.C 	伊黛歐膜衣錠1mg						
AB429081G0		袋袋散藥		DIAMIN TABLETS 80MG	代蜜錠８０公絲						
AC48128100		袋袋散藥		Diltelan 	達爾能持續性膠囊120毫克						
AC39822100		袋袋散藥		ESTRADE	益斯得錠						
AC43931100		袋袋散藥		FELOPINE E.R. F.C.	紛落持續釋放膜衣錠10mg						
AC40986100	180	桌上藥藍		WEIMOK	胃莫潰 20mg	FAMOTIDINE 20mg	衛達	$　　/排	胃潰瘍		
AC31260100		袋袋散藥		HODRIN 	好如臨錠1.5mg						
AC47002100		袋袋散藥		FONOSIL	壓速利錠10公絲						
AB47671100		袋袋散藥		Glubose	利糖順錠50mg						
BC26778100		袋袋散藥		Inovelon	克雷葛 膜衣錠 400毫克						
NC00261100		抽屜散藥		JOHNLAX	通便樂腸溶錠						
AB55028100		袋袋散藥		IRBETAN F.C	爾壓順 膜衣錠150mg						
AC56789100		袋袋散藥		JFS FCT "ROOT"	源諾膜衣錠180mg						
AC24474100		無庫存		LIDIN	立定錠300毫克						
AC31609100		無庫存		LIGISIN F.C.	濾脂清膜衣錠200mg	BEZAFIBRATE200mg	國嘉製藥	$　　/粒	高血脂		
AC46758100		袋袋散藥		LA FERRUM	拿鐵嚼錠100mg						
AC44916100		袋袋散藥		LABUTON	樂不痛膜衣錠500 毫克						
AC48182100		無庫存		MEGEJOHN	美雅祥錠160毫克						
AC50123100		袋袋散藥		LOCEMINE F.C.	樂洩敏膜衣錠5mg						
AB55990100		無庫存		MOSA F.C.	摩暢膜衣錠5mg						
AC34854100		袋袋散藥		MACALOL SOFT	骨活醇軟膠囊0.25微克						
AC02368100		無庫存		NADIS	納迪斯錠						
AC290341G0		袋袋散藥		METHYCOBAL	彌可保膠囊250微公克						
AC50772100		袋袋散藥		MYCROS	脈可洛適錠0.5mg						
AC416411G0		袋袋散藥		NAKAMIDE F.C. TABLETS 2.5MG "N.K."	"南光"壓利得膜衣錠2.5毫克						
AC52354100		袋袋散藥		NEOCETIN F.C	好克敏膜衣5mg						
AB49518100		袋袋散藥		NEUROQUEL F.C.	腦樂靜 膜衣錠100mg						
BC18842100		袋袋散藥		NIMOTOP F.C. TABLETS 30MG	腦妥膜衣錠30毫克						
AC269841G0		無庫存		PEACE	鼻福錠						
AC43637100		袋袋散藥		NOGOUT	杏定痛錠50mg						
AC33194100		袋袋散藥		OROLISIN	歐樂麗疹膜衣錠						
AC58256100		袋袋散藥		PAROXIN	百樂行膜衣錠20毫克						
AB49021100		袋袋散藥		PRATIN	脂樂潔錠20mg						
BC22767100		袋袋散藥		Risperdal	理思必妥 膜衣錠１毫克						
A012556109		無庫存		ShecoGranules	捨咳顆粒8mg			$10/包			
BC22768100		袋袋散藥		RISPERDAL	理思必妥膜衣錠２毫克						
AB57940100		袋袋散藥		ROSULATOR F.C. 	利降脂膜衣錠10mg						
AC274451G0		袋袋散藥		SANDEL S.C. 	心滴舒糖衣錠50mg						
AC110121G0		袋袋散藥		SKETA 	弛刻達膠囊						
AB25402100		袋袋散藥		SOLACON	舒可樂錠200mg						
AC367491G0		袋袋散藥		SOMA CAPSULES	舒肌痛膠囊						
AC315341G0		袋袋散藥		STABLE	血得平錠２５毫克						
AC46166100		無庫存		TEDALIN	鐵達寧咀嚼錠						
AC26677100		袋袋散藥		SULINDEC	賜力痛克錠200mg						
AC49816100		袋袋散藥		TORSIX	妥速適錠5mg						
AC37549100		無庫存		TRENTINE F.C.	循必利膜衣錠9.6mg						
AB47629100		袋袋散藥		TAMSO SR CAPSULES 0.2MG	替你坦舒持續釋放膠囊0.2毫克						
AC00649100		無庫存		TRYNOL S.C	德利能糖衣錠						
AC43950100		袋袋散藥		TANATRIL	田納滋錠						
AC589741G0		袋袋散藥		TENSOMIN 	糖舒寧錠500mg						
AC59727100		無庫存		VEBACIN	膀康膜衣錠5毫克						
NC081381G0		袋袋散藥		TRICOZIDE TABLETS "JOHNSON"	"強生"多利固財錠						
BC23792100	181	桌上藥藍		XYZAL	驅異樂膜衣錠5mg	LEVOCETIRIZINE 5mg	葛蘭素	$35/排	過敏性鼻炎		
AB44374100	182	桌上藥藍		YOU-JET F.C.	憂解膜衣錠50mg						
AC414881G0		無庫存		Fylin Retard	暢循持續性錠400mg		正和	$30/排			
A000096100		無庫存		Menna	明那膠囊50mg			$20/排			
AC413521G0		無庫存		Ulstop	悅潰止膜衣錠20mg		正和	$20/排			
無健保給付		內E區			骨永壯膠囊250mg		永信	$20/排			
AB51714100		健A區		MIGBOSE F.C. TABLETS 50MG	麥若醣 膜衣錠50毫克	MIGLITOL 50 MG	生達	$60/排			
AB48878100		袋袋散藥		VAKIN CHRONO	妥撫癲持續性藥效膜衣錠500mg						
AC38291100		袋袋散藥		WEIMOK F.C. TABLETS 40MG (FAMOTIDINE) "WEIDAR"	胃莫潰膜衣錠４０公絲						
AC45414100		袋袋散藥		ZAPINE	來特平錠100mg						
AC09299100		袋袋散藥		LIGILIN CAPSULES	鋰齊寧膠囊						
AC40134100		袋袋散藥		SEPIRONE TABLETS 5MG	怡必隆錠5毫克						
AC59887100		袋袋散藥		DUALPRESS	克壓脂膜衣錠5毫克/10毫克						
AB51728100		袋袋散藥		"Purzer" Purtraline Film Coated Tablet 50mg	"瑞安"克憂寧膜衣錠50毫克						
AC029631G0		袋袋散藥		"ZM"CALCIUM GLUCONATED TABLETS	"昇銘"葡萄糖鈣丁片錠						
AC47638100	183	桌上藥藍		Zapline	憂必晴膜衣錠50mg	Sertraline 50mg	羅德	$30/排	調節心情	TRUE	
AB55931100	184	桌上藥藍		Zosatan	柔舒坦 50mg	Losartan 50mg	信東	$60/排	高血壓	TRUE	
AC60560100		瓶裝藥		Const-K	康是鉀750mg	POTASSIUM CHLORIDE					
A013382100		瓶裝藥		MAGNESIUM OXIDE	氧化鎂錠250mg	MAGNESIUM OXIDE					
BC28182100		健A區		CRETROL TAB. 10/20 MG	脂瑞妥錠10/20毫克	ROSUVASTATIN CALCIUM 20.8 MG/EZETIMIBE 10 MG	東生華				
AB515971G0		抽屜散藥		Mirobect Tablet 50 MG	脈樂必克膜衣錠50毫克	ATENOLOL 50 MG					
BC266371G0		抽屜散藥		Metsafe 1000 ER	抑糖穩緩釋錠1000毫克	METFORMIN HCL 1000 MG					
AC19461100		抽屜散藥		METHYLDOPA F.C. TABLETS "JOHNSON"	強生"脈得保膜衣錠	METHYLDOPA ANHYDROUS 250 MG					
AC49763100		抽屜散藥		NOLIDIN TABLETS"Y.C."	〝元宙〞胃瑞美錠	BUTINOLIN PHOSPHATE 2 MG/DRIED ALUMINUM HYDROXIDE GEL 200 MG/CALCIUM CARBONATE 300 MG					